frame,x,y,width,height,confidence
0,,,,,0.0
1,,,,,0.0
2,,,,,0.0
3,,,,,0.0
4,,,,,0.0
5,,,,,0.0
6,,,,,0.0
7,482.779052734375,136.51385498046875,58.44189453125,273.0277099609375,0.3254261314868927
8,483.6589813232422,133.17105102539062,56.682037353515625,266.34210205078125,0.36539554595947266
9,,,,,0.0
10,,,,,0.0
11,,,,,0.0
12,,,,,0.0
13,,,,,0.0
14,,,,,0.0
15,479.1459045410156,181.81008529663086,65.48162841796875,289.99683380126953,0.3653823733329773
16,,,,,0.0
17,,,,,0.0
18,,,,,0.0
19,,,,,0.0
20,,,,,0.0
21,,,,,0.0
22,,,,,0.0
23,,,,,0.0
24,342.5739288330078,260.2095260620117,56.886932373046875,106.68116760253906,0.5681124329566956
25,333.9270477294922,265.6064758300781,48.741119384765625,113.10211181640625,0.2954450845718384
26,309.29383850097656,277.2660140991211,64.65194702148438,108.72450256347656,0.2841440439224243
27,,,,,0.0
28,283.7984924316406,284.6952438354492,45.95074462890625,106.37178039550781,0.27027231454849243
29,260.2388229370117,290.99072265625,64.58985900878906,108.11138916015625,0.30091172456741333
30,246.2872085571289,297.0168685913086,48.82890319824219,110.75013732910156,0.6014543771743774
31,221.8389892578125,309.46532440185547,63.05584716796875,113.80067443847656,0.544517993927002
32,207.84735870361328,317.3345489501953,49.29145812988281,112.88906860351562,0.580487847328186
33,186.6310043334961,319.7032775878906,57.84364318847656,106.94268798828125,0.47562265396118164
34,169.5089111328125,328.4064178466797,69.00137329101562,109.91043090820312,0.5125678181648254
35,146.33076095581055,330.7752380371094,53.257911682128906,105.73797607421875,0.34197166562080383
36,127.18484878540039,339.9522247314453,57.321189880371094,109.02029418945312,0.6424005031585693
37,,,,,0.0
38,,,,,0.0
39,,,,,0.0
40,37.94261169433594,401.1932373046875,73.94168090820312,221.613525390625,0.2790845036506653
41,,,,,0.0
42,,,,,0.0
43,,,,,0.0
44,,,,,0.0
45,,,,,0.0
46,,,,,0.0
47,419.94757080078125,433.67616271972656,62.6474609375,151.66934204101562,0.3912802040576935
48,,,,,0.0
49,396.4316101074219,385.5498504638672,70.381591796875,134.93154907226562,0.2744120955467224
50,,,,,0.0
51,370.6160583496094,353.09742736816406,63.01348876953125,141.03060913085938,0.4282294809818268
52,351.2770690917969,351.4968719482422,51.91058349609375,117.76181030273438,0.41984471678733826
53,358.3006896972656,326.9667205810547,50.34002685546875,144.51174926757812,0.36068299412727356
54,,,,,0.0
55,332.4033660888672,293.9104995727539,55.095611572265625,142.2332000732422,0.43051302433013916
56,321.2955627441406,280.0080108642578,53.33544921875,143.71493530273438,0.471285879611969
57,308.5326843261719,274.7628860473633,51.392333984375,114.58738708496094,0.48240622878074646
58,,,,,0.0
59,,,,,0.0
60,290.8338623046875,227.29834747314453,52.39984130859375,128.48106384277344,0.5900315642356873
61,284.2947235107422,221.19140625,44.954376220703125,133.31298828125,0.7584831714630127
62,271.4030227661133,203.95294189453125,49.84861755371094,120.7535400390625,0.7549415230751038
63,269.7199249267578,203.2439956665039,47.920562744140625,128.7131805419922,0.7828382253646851
64,262.3671417236328,193.14842224121094,51.371978759765625,129.27389526367188,0.7758796811103821
65,258.779541015625,177.1267547607422,38.16522216796875,116.5556640625,0.7619320154190063
66,249.7940673828125,174.7303237915039,45.304443359375,122.22593688964844,0.8325328230857849
67,239.53744506835938,167.2962646484375,49.01556396484375,123.88833618164062,0.8452548384666443
68,236.4810333251953,155.48537063598633,43.325408935546875,115.50078582763672,0.8649161458015442
69,237.0452651977539,152.3265838623047,37.62217712402344,116.306396484375,0.883893609046936
70,236.72296905517578,150.87318420410156,38.25273132324219,120.79885864257812,0.8666480779647827
71,236.436279296875,149.2086181640625,38.391998291015625,124.71981811523438,0.8613855838775635
72,235.53705596923828,147.93511199951172,37.30570983886719,126.54853820800781,0.8730021715164185
73,235.34033203125,139.5634307861328,36.94525146484375,117.49359130859375,0.8639693856239319
74,234.3431625366211,134.06622695922852,36.33876037597656,111.96111297607422,0.8285605311393738
75,233.169189453125,126.34148406982422,37.827545166015625,105.60469055175781,0.8399863839149475
76,231.39911651611328,124.19834899902344,39.35478210449219,115.2222900390625,0.8467944860458374
77,233.5885238647461,117.37672424316406,41.75038146972656,106.0079345703125,0.8579036593437195
78,235.1294708251953,116.43004417419434,40.0986328125,116.03108596801758,0.7008602619171143
79,235.27690887451172,106.33235359191895,39.67167663574219,108.00097274780273,0.6972121000289917
80,231.7489242553711,99.21177673339844,40.48133850097656,107.46456909179688,0.32339873909950256
81,227.81377410888672,96.91089820861816,38.53974914550781,109.32242965698242,0.35355710983276367
82,227.66317749023438,83.91220664978027,36.6494140625,100.09120559692383,0.8454224467277527
83,228.77816772460938,82.78451728820801,35.99365234375,99.91515731811523,0.7622023820877075
84,,,,,0.0
85,,,,,0.0
86,,,,,0.0
87,,,,,0.0
88,,,,,0.0
89,,,,,0.0
90,,,,,0.0
91,,,,,0.0
92,,,,,0.0
93,,,,,0.0
94,,,,,0.0
95,,,,,0.0
96,,,,,0.0
97,,,,,0.0
98,,,,,0.0
99,,,,,0.0
100,,,,,0.0
101,,,,,0.0
102,,,,,0.0
103,,,,,0.0
104,,,,,0.0
105,,,,,0.0
106,251.6797103881836,130.02224349975586,6.6109771728515625,16.569923400878906,0.2921115756034851
107,,,,,0.0
108,,,,,0.0
109,,,,,0.0
110,,,,,0.0
111,,,,,0.0
112,,,,,0.0
113,237.6827850341797,105.74908447265625,12.111175537109375,23.705841064453125,0.32356810569763184
114,245.4897232055664,114.60346603393555,11.655654907226562,23.83710479736328,0.47035345435142517
115,404.7074737548828,323.0440368652344,47.382904052734375,132.96270751953125,0.7871481776237488
116,273.70664978027344,127.17730712890625,10.188873291015625,24.265960693359375,0.5775030255317688
117,388.40370178222656,286.6968765258789,42.857025146484375,129.99693298339844,0.6199265718460083
118,380.1773223876953,269.8625183105469,37.691253662109375,126.97943115234375,0.5173456072807312
119,369.1202850341797,254.10945892333984,36.567108154296875,119.44013977050781,0.703681468963623
120,350.8869171142578,245.5734100341797,52.891815185546875,123.22219848632812,0.7842146158218384
121,423.8354034423828,440.8269348144531,50.713165283203125,140.98516845703125,0.6490041017532349
122,325.894775390625,220.0633316040039,44.56982421875,123.49589538574219,0.6669996976852417
123,399.2292938232422,399.309326171875,57.723419189453125,155.9102783203125,0.6721336245536804
124,307.2528839111328,192.00210571289062,30.019805908203125,111.3447265625,0.7869084477424622
125,284.39141845703125,187.039794921875,47.72412109375,112.05355834960938,0.8595278263092041
126,282.6288146972656,173.4542465209961,32.250732421875,103.62992858886719,0.8491464257240295
127,361.864990234375,308.8947219848633,53.80615234375,137.5217742919922,0.8140669465065002
128,353.12843322753906,294.4156723022461,52.813140869140625,144.3595733642578,0.8578965663909912
129,344.6402893066406,266.9405746459961,50.79034423828125,123.31709289550781,0.771234929561615
130,330.5830078125,260.5712890625,54.3082275390625,133.4794921875,0.7877570986747742
131,324.9932403564453,238.04620361328125,46.877044677734375,118.60986328125,0.8067388534545898
132,280.8977966308594,151.46128845214844,36.01904296875,117.06198120117188,0.7417224645614624
133,316.7384490966797,220.70072174072266,44.398590087890625,127.65214538574219,0.8066133856773376
134,313.6531677246094,201.24314880371094,44.09930419921875,113.75698852539062,0.8424927592277527
135,309.208740234375,197.08330535888672,40.72772216796875,119.80879211425781,0.7919283509254456
136,301.78086853027344,187.0068130493164,41.190032958984375,117.46080017089844,0.8477100729942322
137,299.3792419433594,174.63744354248047,40.79449462890625,110.54133605957031,0.8454833030700684
138,295.94065856933594,171.33414459228516,39.024261474609375,117.46525573730469,0.8780434131622314
139,293.30506896972656,161.29626846313477,37.885162353515625,114.47808074951172,0.8483166694641113
140,288.6495819091797,151.62971115112305,37.379241943359375,110.5579605102539,0.8581246733665466
141,282.3823699951172,143.76661682128906,36.235443115234375,111.324951171875,0.7646049857139587
142,276.407470703125,117.58707046508789,39.110595703125,134.92296600341797,0.7926892638206482
143,274.7170867919922,112.68475532531738,36.699920654296875,134.73196029663086,0.6400663256645203
144,,,,,0.0
145,268.2600402832031,97.68526649475098,23.09967041015625,124.58893966674805,0.2777685225009918
146,,,,,0.0
147,,,,,0.0
148,,,,,0.0
149,,,,,0.0
150,,,,,0.0
151,,,,,0.0
152,,,,,0.0
153,,,,,0.0
154,,,,,0.0
155,,,,,0.0
156,,,,,0.0
157,,,,,0.0
158,,,,,0.0
159,,,,,0.0
160,,,,,0.0
161,,,,,0.0
162,,,,,0.0
163,,,,,0.0
164,479.605712890625,460.3971710205078,63.95361328125,102.56698608398438,0.5968202948570251
165,463.6941375732422,450.6446838378906,64.08126831054688,122.68798828125,0.5760795474052429
166,446.27880859375,437.4551696777344,61.85821533203125,143.26153564453125,0.6457944512367249
167,434.39324951171875,414.685546875,62.7939453125,142.0438232421875,0.569847047328949
168,412.64453125,407.01112365722656,75.5714111328125,158.39932250976562,0.7152308821678162
169,400.1105041503906,372.18365478515625,73.43231201171875,130.3935546875,0.8545441031455994
170,393.4025421142578,360.3498992919922,60.744354248046875,140.69070434570312,0.791374921798706
171,382.32481384277344,344.712646484375,55.509674072265625,146.3585205078125,0.8417081236839294
172,367.2607421875,314.4837341308594,58.822998046875,127.539794921875,0.7431305646896362
173,352.3028259277344,303.4018096923828,62.9033203125,132.14102172851562,0.7827770113945007
174,341.3900909423828,284.2682876586914,60.933502197265625,129.9077606201172,0.8256677985191345
175,336.8714904785156,269.0536193847656,56.42840576171875,130.34783935546875,0.8933711647987366
176,333.9346618652344,257.8727264404297,49.53955078125,136.19876098632812,0.8550161719322205
177,326.13954162597656,236.39736938476562,44.875579833984375,122.31256103515625,0.5833092927932739
178,,,,,0.0
179,309.5921325683594,208.0382537841797,43.53564453125,110.26516723632812,0.8506458401679993
180,304.0343017578125,198.66372680664062,47.3896484375,117.73095703125,0.8280473947525024
181,301.72027587890625,193.9444580078125,52.97998046875,122.83267211914062,0.8788208961486816
182,297.83607482910156,178.01694107055664,44.929779052734375,117.02025604248047,0.8774584531784058
183,292.59751892089844,167.55962371826172,43.457916259765625,110.44160461425781,0.8458878397941589
184,286.648193359375,164.32049560546875,37.8592529296875,115.65573120117188,0.84679114818573
185,284.60137939453125,155.31526947021484,42.181640625,117.74797058105469,0.8457601070404053
186,278.1770477294922,147.50448989868164,35.683197021484375,109.86421966552734,0.8758833408355713
187,277.49745178222656,145.7192611694336,35.790863037109375,112.67378234863281,0.8708658814430237
188,276.4771728515625,145.42525482177734,36.4849853515625,114.91468811035156,0.8754166960716248
189,275.5863342285156,145.20473098754883,37.19378662109375,115.7098617553711,0.8751035928726196
190,275.2215270996094,143.99392318725586,36.84869384765625,113.22138214111328,0.8690515756607056
191,274.6516418457031,143.53067779541016,35.06890869140625,112.70622253417969,0.8468062281608582
192,274.3772888183594,140.18376541137695,35.46112060546875,117.98116302490234,0.9033525586128235
193,273.37293243408203,135.53569412231445,35.61143493652344,118.93624114990234,0.8698592782020569
194,271.6583709716797,124.7733383178711,32.312591552734375,101.94471740722656,0.8477962613105774
195,337.03382873535156,360.7468719482422,56.793548583984375,161.42587280273438,0.7355888485908508
196,336.18031311035156,357.6743927001953,54.659576416015625,169.95376586914062,0.7904829382896423
197,334.6068420410156,335.73646545410156,52.61767578125,146.01553344726562,0.8136705160140991
198,333.8575897216797,324.8424072265625,51.161102294921875,136.5821533203125,0.7380296587944031
199,336.41064453125,323.3414993286133,52.3853759765625,142.6882781982422,0.6491590738296509
200,342.02601623535156,320.9425811767578,57.788177490234375,149.04794311523438,0.7451298236846924
201,347.33477783203125,312.70751953125,71.615478515625,139.64666748046875,0.625294029712677
202,355.4428253173828,308.9036102294922,71.75332641601562,141.65945434570312,0.6274172067642212
203,366.58604431152344,304.2991256713867,59.970611572265625,142.56056213378906,0.7093814015388489
204,372.03594970703125,304.5678253173828,53.02392578125,143.06845092773438,0.8050151467323303
205,372.8694610595703,299.0772247314453,54.245086669921875,158.62924194335938,0.5700259208679199
206,373.8331756591797,290.91748046875,52.520843505859375,162.8212890625,0.6980096101760864
207,155.6793212890625,156.7198257446289,28.22857666015625,111.53846740722656,0.559983491897583
208,379.199462890625,274.7440948486328,50.42889404296875,138.69180297851562,0.7892828583717346
209,155.08208465576172,165.63886260986328,37.74784851074219,103.41752624511719,0.8063008189201355
210,152.11865997314453,183.15500259399414,48.11820983886719,119.5223617553711,0.813424289226532
211,152.94988250732422,186.6938247680664,47.38179016113281,114.97978210449219,0.8553491234779358
212,156.93094635009766,194.31356048583984,45.99235534667969,112.98396301269531,0.712200403213501
213,160.721435546875,211.1012191772461,47.398345947265625,128.2144317626953,0.7479894161224365
214,162.56597900390625,215.12271881103516,52.42315673828125,123.75175476074219,0.7588068842887878
215,162.69752502441406,223.43289184570312,55.049407958984375,121.80810546875,0.8062914609909058
216,161.17418670654297,239.8777618408203,54.01033020019531,130.43148803710938,0.7357778549194336
217,396.4464569091797,228.61109924316406,43.921539306640625,135.87850952148438,0.8039997220039368
218,394.40589904785156,226.3936004638672,45.016510009765625,141.28036499023438,0.7556164264678955
219,393.2884826660156,219.7165985107422,44.73895263671875,145.93887329101562,0.7863367199897766
220,392.1828155517578,207.28662109375,46.676971435546875,134.40045166015625,0.8014607429504395
221,392.29515075683594,196.69763946533203,44.509613037109375,133.06187438964844,0.7952362298965454
222,389.0646514892578,192.94792938232422,43.782318115234375,139.59303283691406,0.8417375087738037
223,386.62486267089844,181.51862335205078,45.250579833984375,133.9382781982422,0.8373702764511108
224,385.3298797607422,171.5482406616211,43.948516845703125,121.09892272949219,0.8291947841644287
225,385.1194610595703,169.1908721923828,48.036651611328125,126.99136352539062,0.8044636249542236
226,388.6342010498047,160.44170379638672,48.461883544921875,122.36088562011719,0.8094104528427124
227,394.7678527832031,152.6691665649414,40.84417724609375,119.96592712402344,0.8125045299530029
228,394.9656677246094,151.10858154296875,39.94775390625,120.98312377929688,0.8320201635360718
229,393.184814453125,143.0671615600586,39.51287841796875,115.13343811035156,0.7994454503059387
230,393.71875,139.77386474609375,38.5384521484375,114.8328857421875,0.787616491317749
231,395.7196807861328,139.16739654541016,39.773651123046875,117.10969543457031,0.7649074196815491
232,398.40008544921875,138.6438751220703,43.197265625,116.38931274414062,0.3520044684410095
233,398.28759765625,139.12255859375,45.4625244140625,115.32675170898438,0.3209384083747864
234,398.48297119140625,138.5096893310547,47.3134765625,118.026611328125,0.40991583466529846
235,398.153564453125,138.35602569580078,48.22039794921875,117.67460632324219,0.39127758145332336
236,397.89540100097656,138.0838851928711,49.349212646484375,118.43965148925781,0.41290608048439026
237,398.5017395019531,137.80692291259766,50.169189453125,118.18794250488281,0.3088444173336029
238,398.8734436035156,138.1400604248047,50.87677001953125,116.88955688476562,0.33627697825431824
239,395.719970703125,143.6694107055664,45.81475830078125,105.77021789550781,0.29540422558784485
240,399.26605224609375,139.06065368652344,50.7705078125,115.2198486328125,0.42040401697158813
241,401.05613708496094,140.56412506103516,52.848968505859375,113.33091735839844,0.35000500082969666
242,400.8584442138672,143.3858413696289,51.395416259765625,107.97709655761719,0.305436372756958
243,401.2470703125,143.9677963256836,51.32489013671875,106.63502502441406,0.41369035840034485
244,401.0761260986328,143.9147491455078,52.397369384765625,106.88519287109375,0.3186866044998169
245,401.2975158691406,143.95094680786133,52.93865966796875,106.7860336303711,0.3184230327606201
246,400.587890625,144.57251358032227,52.32080078125,105.45458221435547,0.290834903717041
247,400.3725891113281,144.0215835571289,51.694580078125,106.64634704589844,0.30415913462638855
248,400.30699157714844,143.3963851928711,50.849517822265625,107.85163879394531,0.3231404423713684
249,400.7960968017578,141.73106384277344,52.835540771484375,111.114013671875,0.35165590047836304
250,399.2720184326172,142.0662078857422,52.849884033203125,109.07861328125,0.2849654257297516
251,399.34625244140625,142.1978874206543,52.4609375,108.74738311767578,0.3008250296115875
252,399.549072265625,141.7484130859375,53.4072265625,109.66220092773438,0.28066861629486084
253,399.5804901123047,140.44850540161133,53.325836181640625,112.1695785522461,0.35429883003234863
254,399.86952209472656,140.26162338256836,53.923736572265625,112.7112808227539,0.33940497040748596
255,399.85911560058594,142.31698989868164,54.026519775390625,108.42769622802734,0.27883458137512207
256,400.062255859375,141.69424057006836,54.44610595703125,109.69495391845703,0.30159902572631836
257,399.91246032714844,141.72541427612305,54.264556884765625,109.47193145751953,0.32431790232658386
258,399.8992462158203,140.54542922973633,54.610809326171875,111.9393539428711,0.31474632024765015
259,400.106201171875,139.858154296875,55.02325439453125,113.34994506835938,0.35371991991996765
260,400.4779815673828,140.13967514038086,55.937225341796875,112.7479019165039,0.3160676062107086
261,400.3561096191406,140.25704193115234,55.80889892578125,112.56657409667969,0.3244633972644806
262,400.275146484375,140.28350067138672,56.2431640625,112.25215148925781,0.3603810966014862
263,400.2686767578125,140.3946533203125,56.2313232421875,111.99087524414062,0.3572121262550354
264,400.4169464111328,140.1779556274414,56.154998779296875,112.46961975097656,0.3155982196331024
265,,,,,0.0
266,,,,,0.0
267,,,,,0.0
268,,,,,0.0
269,,,,,0.0
270,,,,,0.0
271,,,,,0.0
272,,,,,0.0
273,,,,,0.0
274,395.06072998046875,141.11065673828125,46.397216796875,110.339111328125,0.29702576994895935
275,,,,,0.0
276,,,,,0.0
277,,,,,0.0
278,,,,,0.0
279,,,,,0.0
280,395.8042449951172,148.04862213134766,46.573516845703125,96.71452331542969,0.2719065546989441
281,,,,,0.0
282,,,,,0.0
283,,,,,0.0
284,,,,,0.0
285,,,,,0.0
286,,,,,0.0
287,,,,,0.0
288,,,,,0.0
289,,,,,0.0
290,,,,,0.0
291,,,,,0.0
292,,,,,0.0
293,,,,,0.0
294,,,,,0.0
295,,,,,0.0
296,,,,,0.0
297,153.4529037475586,165.5709571838379,33.12510681152344,117.93883514404297,0.6629974842071533
298,153.95203399658203,175.41628646850586,33.43989562988281,121.84253692626953,0.6342827081680298
299,399.72564697265625,149.41526794433594,27.070556640625,88.00778198242188,0.34621500968933105
300,399.8435974121094,149.0206298828125,26.98553466796875,87.62265014648438,0.35840165615081787
301,,,,,0.0
302,,,,,0.0
303,168.7694320678711,230.8363800048828,42.60908508300781,129.94894409179688,0.39859864115715027
304,163.4011993408203,250.5396957397461,57.570404052734375,139.1566925048828,0.3860843777656555
305,,,,,0.0
306,173.41357421875,271.9331588745117,41.344146728515625,122.49610900878906,0.5172616839408875
307,175.9495849609375,294.07728576660156,43.658782958984375,139.17880249023438,0.5798914432525635
308,178.522705078125,310.48036193847656,37.86944580078125,138.78915405273438,0.7202630043029785
309,,,,,0.0
310,,,,,0.0
311,,,,,0.0
312,184.57881927490234,402.9308319091797,53.68190002441406,199.97457885742188,0.32191771268844604
313,185.74181365966797,416.864013671875,51.40730285644531,178.10418701171875,0.37853747606277466
314,,,,,0.0
315,,,,,0.0
316,,,,,0.0
317,412.9408721923828,141.4215087890625,47.853912353515625,110.08209228515625,0.28030627965927124
318,411.1240692138672,140.71942520141602,45.178619384765625,108.76433563232422,0.26115188002586365
319,411.49656677246094,138.7058448791504,42.078948974609375,104.60582733154297,0.28227365016937256
320,406.3031921386719,142.7871551513672,41.83453369140625,113.66519165039062,0.2934700846672058
321,404.3418426513672,144.40232849121094,42.408782958984375,117.9259033203125,0.42847350239753723
322,405.5098876953125,144.4049186706543,44.7664794921875,118.3510513305664,0.45547762513160706
323,405.4307861328125,145.31346893310547,44.8736572265625,116.62910461425781,0.5178391933441162
324,403.343994140625,145.34527587890625,41.06561279296875,114.57736206054688,0.5775661468505859
325,402.564697265625,145.4661865234375,39.54656982421875,114.0465087890625,0.49311721324920654
326,403.0478515625,145.2443084716797,40.41845703125,114.6829833984375,0.5250047445297241
327,402.6782684326172,145.33128356933594,39.493865966796875,114.61080932617188,0.5544711947441101
328,403.1582489013672,146.3244400024414,40.061309814453125,112.47520446777344,0.59345543384552
329,407.7544860839844,145.1157112121582,51.06512451171875,117.2107162475586,0.5360196232795715
330,408.260498046875,145.4505386352539,52.1173095703125,116.39604187011719,0.35146746039390564
331,408.24131774902344,145.38434600830078,51.955474853515625,116.59953308105469,0.32321009039878845
332,408.22613525390625,145.3974380493164,51.81298828125,116.74958801269531,0.2996601462364197
333,,,,,0.0
334,,,,,0.0
335,,,,,0.0
336,,,,,0.0
337,,,,,0.0
338,,,,,0.0
339,408.1623992919922,145.76165771484375,51.484954833984375,115.82345581054688,0.28052467107772827
340,407.7823944091797,146.5293083190918,51.076202392578125,114.1790542602539,0.3622901737689972
341,408.1849822998047,146.2044448852539,51.773773193359375,114.99519348144531,0.34317561984062195
342,407.4564971923828,145.94492721557617,50.559783935546875,114.7537612915039,0.37988460063934326
343,407.1874694824219,145.48564529418945,48.17913818359375,115.75383758544922,0.2759152054786682
344,406.1843719482422,145.48380661010742,45.886322021484375,115.2645034790039,0.28171825408935547
345,405.7838439941406,145.28172302246094,44.85986328125,114.923828125,0.2941783368587494
346,,,,,0.0
347,404.1913604736328,142.7275505065918,40.563201904296875,113.2692642211914,0.26969602704048157
348,,,,,0.0
349,,,,,0.0
350,,,,,0.0
351,,,,,0.0
352,,,,,0.0
353,,,,,0.0
354,,,,,0.0
355,,,,,0.0
356,,,,,0.0
357,,,,,0.0
358,,,,,0.0
359,,,,,0.0
360,,,,,0.0
361,,,,,0.0
362,,,,,0.0
363,,,,,0.0
364,,,,,0.0
365,506.1122589111328,118.52839660644531,11.398162841796875,44.7171630859375,0.3576205372810364
366,,,,,0.0
367,,,,,0.0
368,,,,,0.0
369,,,,,0.0
370,,,,,0.0
371,,,,,0.0
372,,,,,0.0
373,,,,,0.0
374,,,,,0.0
375,495.5210418701172,140.15373992919922,32.354888916015625,117.17939758300781,0.34210124611854553
376,497.2145538330078,148.71195602416992,28.996490478515625,101.8104019165039,0.34440574049949646
377,495.2298278808594,149.2991828918457,32.92462158203125,95.6565170288086,0.47200196981430054
378,396.8162841796875,145.90649795532227,27.97760009765625,106.05059051513672,0.3640570342540741
379,399.7716522216797,144.630859375,31.668914794921875,108.54034423828125,0.5575702786445618
380,403.5739288330078,142.43366622924805,31.442108154296875,111.12885284423828,0.68254154920578
381,405.21910095214844,147.7685317993164,33.246002197265625,104.25175476074219,0.4946413040161133
382,283.5923538208008,448.4730987548828,72.00511169433594,126.48953247070312,0.6665506362915039
383,279.6566696166992,434.7122497558594,71.12886047363281,154.07598876953125,0.769126832485199
384,275.1210479736328,417.49609375,68.51278686523438,165.6080322265625,0.8774682879447937
385,267.7267761230469,397.4801330566406,65.386962890625,166.42059326171875,0.8563332557678223
386,261.2182159423828,373.3253479003906,63.662994384765625,168.72039794921875,0.7577312588691711
387,257.1010208129883,352.7174987792969,61.97831726074219,159.114990234375,0.8435861468315125
388,253.14144897460938,334.4040298461914,61.66961669921875,159.6099090576172,0.8755759596824646
389,254.5947723388672,309.4469757080078,48.593536376953125,141.52529907226562,0.7787431478500366
390,243.2996063232422,299.5084457397461,56.004974365234375,148.75575256347656,0.8702270984649658
391,236.71688842773438,273.3116455078125,56.068359375,132.98394775390625,0.7571941018104553
392,233.55327606201172,267.3998565673828,55.33058166503906,144.31307983398438,0.8782441020011902
393,232.7343292236328,257.2945556640625,54.527069091796875,147.34698486328125,0.8661367297172546
394,231.16791534423828,235.37908935546875,52.69090270996094,130.41973876953125,0.774778425693512
395,226.8659439086914,228.49514770507812,52.31245422363281,136.29107666015625,0.8473612070083618
396,222.7039566040039,218.4122772216797,50.15824890136719,133.19033813476562,0.857649564743042
397,220.2924346923828,203.8902130126953,48.579376220703125,128.30636596679688,0.8871945142745972
398,219.6024627685547,198.54306030273438,47.356842041015625,130.66766357421875,0.8971630334854126
399,219.2107696533203,187.4339256286621,47.3857421875,126.1471939086914,0.8796146512031555
400,219.6926498413086,177.39762115478516,45.42979431152344,121.21955871582031,0.868155300617218
401,219.77896118164062,175.435302734375,44.5198974609375,128.06607055664062,0.8675788640975952
402,221.08676147460938,164.0935287475586,39.9078369140625,120.11933898925781,0.810154139995575
403,223.3455352783203,158.2881965637207,41.062744140625,117.0176010131836,0.802454948425293
404,230.78936004638672,156.02112197875977,46.89424133300781,117.83763885498047,0.819878339767456
405,234.8528594970703,150.4914779663086,43.644866943359375,116.18867492675781,0.8597369194030762
406,241.3384246826172,149.42237854003906,36.810333251953125,114.2147216796875,0.7759041786193848
407,244.7319793701172,146.83005142211914,36.978302001953125,118.21089935302734,0.8263688087463379
408,243.57836151123047,150.6490249633789,35.59510803222656,108.05479431152344,0.7857193946838379
409,242.56348419189453,141.1476821899414,40.53257751464844,122.25614929199219,0.8245058059692383
410,237.26773071289062,131.92992782592773,40.51934814453125,115.06012725830078,0.8461859822273254
411,318.0606689453125,154.67995834350586,44.75140380859375,116.2181167602539,0.7458050847053528
412,310.3095245361328,154.67180252075195,59.623077392578125,118.6456527709961,0.8643993139266968
413,230.5420913696289,132.2140712738037,38.39228820800781,138.20753860473633,0.828433632850647
414,226.5306396484375,112.27319717407227,35.245361328125,108.2887191772461,0.7175482511520386
415,288.1322784423828,143.21100997924805,42.335845947265625,118.93573760986328,0.837548017501831
416,212.829833984375,103.56733512878418,34.52130126953125,107.23260879516602,0.8707172870635986
417,210.67266082763672,99.99582862854004,30.445510864257812,108.18174362182617,0.7800063490867615
418,207.80622100830078,96.11141014099121,29.956588745117188,108.64796829223633,0.7824627757072449
419,270.9059600830078,127.792724609375,44.393951416015625,115.98208618164062,0.8340218663215637
420,263.5838165283203,119.9673843383789,38.591522216796875,108.08552551269531,0.8452507257461548
421,258.8463897705078,114.18318176269531,38.707733154296875,108.89602661132812,0.7875568270683289
422,255.564208984375,111.5070915222168,37.71661376953125,113.89020538330078,0.8523786664009094
423,253.3658218383789,107.7974853515625,36.22636413574219,115.60577392578125,0.82472163438797
424,413.644775390625,145.4759407043457,54.06768798828125,112.50945281982422,0.279297411441803
425,249.68666076660156,94.16337203979492,37.801116943359375,105.59803009033203,0.8016274571418762
426,245.11009979248047,89.56264877319336,35.96473693847656,102.01990509033203,0.8352961540222168
427,240.36605834960938,84.03166961669922,35.564453125,101.13963317871094,0.8926992416381836
428,238.62158203125,82.79592323303223,34.24591064453125,97.30817794799805,0.6917011141777039
429,413.52882385253906,146.00775909423828,52.897613525390625,113.16777038574219,0.2822984457015991
430,413.4590759277344,145.82958221435547,53.70001220703125,112.87336730957031,0.30150309205055237
431,413.7891082763672,145.94436264038086,54.241119384765625,113.03247833251953,0.3190789818763733
432,413.1211853027344,145.75324630737305,52.89630126953125,112.3898696899414,0.3450033664703369
433,413.32501220703125,145.68308639526367,53.19140625,112.2618179321289,0.27759647369384766
434,413.458984375,145.58690643310547,54.06463623046875,112.13728332519531,0.2680317163467407
435,413.3525390625,145.57128524780273,54.2254638671875,112.34296417236328,0.2834644615650177
436,,,,,0.0
437,412.91973876953125,145.4476089477539,53.35888671875,111.92124938964844,0.27375322580337524
438,413.00733947753906,145.5301170349121,53.319305419921875,111.9339370727539,0.29061418771743774
439,413.01416015625,145.56078720092773,53.50701904296875,111.96143341064453,0.30179786682128906
440,413.1202087402344,145.5443229675293,53.77520751953125,112.11383819580078,0.31096261739730835
441,413.32313537597656,145.44113540649414,54.344818115234375,112.0482406616211,0.2770325839519501
442,413.31512451171875,145.4115104675293,54.287353515625,111.94416046142578,0.27746114134788513
443,,,,,0.0
444,,,,,0.0
445,,,,,0.0
446,,,,,0.0
447,,,,,0.0
448,,,,,0.0
449,43.14641189575195,270.0500717163086,20.004638671875,53.23066711425781,0.3610903322696686
450,,,,,0.0
451,66.98094177246094,230.77640533447266,60.221435546875,117.83848571777344,0.8297587037086487
452,79.79196739196777,226.9722671508789,38.86307144165039,116.31993103027344,0.7571362853050232
453,94.07638931274414,223.67865753173828,42.429420471191406,122.64591979980469,0.6885145306587219
454,108.2745590209961,223.4684295654297,52.43061828613281,124.25112915039062,0.745968759059906
455,121.94591903686523,208.384033203125,40.004493713378906,119.71160888671875,0.8085888624191284
456,138.49370574951172,201.4494400024414,51.20552062988281,114.52281188964844,0.8118278980255127
457,143.86063385009766,201.0615997314453,50.44563293457031,117.51724243164062,0.8644944429397583
458,151.26760864257812,190.77802276611328,45.59521484375,112.04414367675781,0.87732994556427
459,161.3292694091797,187.3334503173828,36.805084228515625,112.94955444335938,0.7553199529647827
460,166.790283203125,187.50225830078125,36.398529052734375,113.46047973632812,0.8080301880836487
461,172.9836654663086,184.2210464477539,44.19111633300781,120.05766296386719,0.854413628578186
462,179.7469940185547,176.7542495727539,38.149993896484375,116.86543273925781,0.8489151000976562
463,186.8569107055664,171.76123046875,32.14579772949219,108.12899780273438,0.8164514899253845
464,194.2697525024414,168.6490020751953,44.24882507324219,109.71987915039062,0.8795903921127319
465,197.08344268798828,167.65402603149414,43.19877624511719,112.3614730834961,0.8885512351989746
466,204.3427963256836,165.87384414672852,46.72621154785156,113.78142547607422,0.8455854654312134
467,205.8465576171875,163.3603973388672,40.09906005859375,115.56698608398438,0.8152374029159546
468,208.5343017578125,162.90603256225586,41.858001708984375,116.0438003540039,0.8078497648239136
469,205.2232437133789,161.88199615478516,34.22279357910156,118.86833190917969,0.7609714269638062
470,205.8987808227539,153.81308364868164,27.965225219726562,113.58330535888672,0.8168653249740601
471,202.8635025024414,145.3072166442871,31.860000610351562,104.7184829711914,0.7636488676071167
472,200.32866668701172,146.37939453125,39.91523742675781,115.31387329101562,0.7647337913513184
473,205.1391372680664,142.32092666625977,37.99476623535156,117.55229949951172,0.49470070004463196
474,212.4775390625,131.80224609375,36.789154052734375,108.58438110351562,0.7380363345146179
475,244.9136199951172,192.64359283447266,30.094146728515625,92.24519348144531,0.31810539960861206
476,230.001708984375,138.8933868408203,48.823150634765625,148.30291748046875,0.6419758796691895
477,,,,,0.0
478,240.04052734375,104.71057319641113,34.49334716796875,104.90194320678711,0.49353787302970886
479,239.37114715576172,95.21305274963379,36.81513977050781,97.33335494995117,0.5546423196792603
480,,,,,0.0
481,,,,,0.0
482,,,,,0.0
483,,,,,0.0
484,414.5429229736328,146.21596145629883,47.842010498046875,116.03496551513672,0.380854994058609
485,413.9813995361328,145.7940673828125,46.281463623046875,118.26602172851562,0.3391692340373993
486,412.859375,144.79482650756836,46.46221923828125,116.72708892822266,0.32168394327163696
487,407.0859832763672,146.6753158569336,35.475799560546875,109.09461975097656,0.32933947443962097
488,407.9492492675781,147.60787963867188,36.86175537109375,107.52880859375,0.2595686912536621
489,412.91099548339844,145.00671005249023,46.636627197265625,116.62598419189453,0.313970148563385
490,413.1516571044922,144.83689498901367,46.869354248046875,117.36420440673828,0.2891307771205902
491,408.9390563964844,144.738037109375,38.04913330078125,113.12026977539062,0.3220737874507904
492,414.2743225097656,144.6912384033203,46.81573486328125,116.732666015625,0.3393092155456543
493,415.516357421875,145.04025650024414,48.6473388671875,117.6762924194336,0.2862454056739807
494,415.3106994628906,145.01044845581055,48.51983642578125,118.6103286743164,0.2952132821083069
495,,,,,0.0
496,,,,,0.0
497,,,,,0.0
498,412.43812561035156,144.26538848876953,44.271881103515625,113.71025085449219,0.34813177585601807
499,414.7054901123047,144.5847511291504,47.601531982421875,116.7629623413086,0.3714824914932251
500,414.77374267578125,144.73374938964844,47.044921875,116.28890991210938,0.31305956840515137
501,415.2366180419922,145.19268035888672,47.247161865234375,116.57557678222656,0.3216567635536194
502,415.1691436767578,145.28112411499023,47.492462158203125,116.62812042236328,0.3243567943572998
503,414.51527404785156,145.1496124267578,46.256439208984375,116.480712890625,0.33585643768310547
504,411.6925354003906,144.39794158935547,42.90887451171875,113.78486633300781,0.37374627590179443
505,414.48011779785156,144.4333839416504,47.508697509765625,116.14440155029297,0.3477881848812103
506,414.2853088378906,144.02466583251953,47.34832763671875,116.04875183105469,0.37149181962013245
507,413.7855987548828,143.99102020263672,47.712127685546875,116.23344421386719,0.39468780159950256
508,413.7909240722656,144.1777687072754,47.88702392578125,116.3028793334961,0.4005643427371979
509,225.54033660888672,93.72675704956055,28.876907348632812,87.74359893798828,0.6834338903427124
510,413.74497985839844,144.04949188232422,47.960357666015625,116.17134094238281,0.3360055088996887
511,411.6009216308594,144.38529205322266,45.26416015625,113.93769836425781,0.3946090340614319
512,411.6831512451172,144.28058624267578,45.451446533203125,114.27265930175781,0.3889371156692505
513,411.4869079589844,144.28693771362305,43.95355224609375,114.07718658447266,0.4059208929538727
514,220.5657958984375,165.76055145263672,37.113433837890625,83.22944641113281,0.6974585056304932
515,411.12799072265625,144.3364715576172,44.232421875,114.03280639648438,0.38369691371917725
516,219.02251434326172,168.4058609008789,40.53016662597656,106.22676086425781,0.6884503960609436
517,222.11687469482422,190.06906127929688,34.32621765136719,86.056884765625,0.6062476634979248
518,225.27167510986328,181.70673370361328,38.24736022949219,106.36357116699219,0.7926049828529358
519,219.5963363647461,192.9602508544922,46.75376892089844,109.00033569335938,0.6054889559745789
520,227.7524871826172,201.72100067138672,40.273345947265625,121.44215393066406,0.7765551209449768
521,411.8143615722656,144.0662727355957,45.15399169921875,114.3806381225586,0.40607577562332153
522,411.9609832763672,143.99327087402344,46.147735595703125,114.701171875,0.394368439912796
523,411.9108428955078,143.90378952026367,45.714141845703125,114.5416030883789,0.3943566381931305
524,411.7830047607422,143.74765396118164,45.087005615234375,114.68138885498047,0.3876194655895233
525,411.8434753417969,143.80866241455078,45.30523681640625,114.50981140136719,0.39790594577789307
526,412.10105895996094,143.92416763305664,45.377166748046875,114.45372772216797,0.43080300092697144
527,412.15489196777344,143.85046768188477,45.535125732421875,114.55583953857422,0.42314907908439636
528,214.0136260986328,278.1553039550781,45.194091796875,113.98199462890625,0.5183999538421631
529,412.6190643310547,143.8872528076172,46.052520751953125,114.26205444335938,0.40470871329307556
530,190.6540756225586,174.0298614501953,30.656875610351562,86.23715209960938,0.48094913363456726
531,412.303955078125,144.01538848876953,45.3094482421875,113.97428894042969,0.3950464129447937
532,412.4834899902344,143.9898223876953,46.1705322265625,114.08245849609375,0.38651472330093384
533,412.39463806152344,144.08485412597656,45.638092041015625,113.82229614257812,0.39017337560653687
534,149.6463394165039,151.32086944580078,7.7393646240234375,16.763717651367188,0.5871491432189941
535,132.36474990844727,220.27352905273438,45.78301239013672,111.46380615234375,0.471027672290802
536,412.66664123535156,144.15011978149414,46.304595947265625,113.49681854248047,0.4765486717224121
537,412.4040985107422,144.37918853759766,45.343170166015625,113.29753112792969,0.5053937435150146
538,233.8810043334961,176.825927734375,33.97431945800781,116.60800170898438,0.6752811670303345
539,185.2151336669922,241.3027114868164,46.775970458984375,132.6304168701172,0.5917208790779114
540,241.47179412841797,193.9399642944336,33.48915100097656,99.15806579589844,0.8234478235244751
541,244.04413604736328,216.5243377685547,31.932907104492188,107.85208129882812,0.773837149143219
542,172.95716857910156,266.4508819580078,43.607147216796875,122.39718627929688,0.7058044672012329
543,157.87377166748047,283.6124725341797,56.18696594238281,136.47769165039062,0.540778398513794
544,413.2098693847656,145.02766036987305,45.75933837890625,112.36051177978516,0.48915812373161316
545,413.008056640625,145.1383514404297,45.1849365234375,112.21148681640625,0.45643991231918335
546,412.536865234375,145.24129486083984,44.75244140625,111.98490905761719,0.4476831555366516
547,412.51739501953125,145.35451126098633,44.6357421875,111.61919403076172,0.45964109897613525
548,412.6326141357422,145.27663803100586,45.628326416015625,111.9648208618164,0.4499659538269043
549,412.64154052734375,145.2934913635254,44.791015625,111.7306137084961,0.4220230281352997
550,412.50848388671875,145.27127075195312,44.2353515625,111.78402709960938,0.41317155957221985
551,413.1455535888672,145.01169204711914,45.075897216796875,112.0510482788086,0.42988431453704834
552,288.28515625,372.3695526123047,51.1177978515625,146.96676635742188,0.46910762786865234
553,413.1405792236328,145.03887939453125,45.743865966796875,112.16049194335938,0.47872257232666016
554,413.212890625,145.23134994506836,45.63409423828125,111.8292007446289,0.4603453278541565
555,412.45790100097656,145.3515625,45.767669677734375,111.43569946289062,0.43055260181427
556,411.9153289794922,145.15568923950195,45.753509521484375,112.12834930419922,0.43772146105766296
557,412.0506896972656,145.07526779174805,45.06610107421875,112.14984893798828,0.49869462847709656
558,412.4405212402344,145.10187911987305,46.01202392578125,112.46100616455078,0.535011351108551
559,412.31101989746094,145.09990692138672,46.454315185546875,112.48670959472656,0.5012040138244629
560,218.9580841064453,151.33869552612305,35.078277587890625,116.82032012939453,0.5609188675880432
561,207.9794921875,154.80696868896484,30.550628662109375,109.45021057128906,0.5013793706893921
562,194.12786865234375,167.5731430053711,48.41021728515625,110.70414733886719,0.5484954118728638
563,185.83832550048828,177.8787612915039,43.28422546386719,111.67890930175781,0.5510600209236145
564,178.00762939453125,176.7072525024414,37.14520263671875,113.84165954589844,0.7835972905158997
565,167.35110473632812,194.85428619384766,49.4444580078125,127.87541198730469,0.7920790910720825
566,154.25838470458984,206.06424713134766,45.92518615722656,126.38993835449219,0.770158052444458
567,145.9004135131836,210.13856506347656,42.39576721191406,119.65438842773438,0.6897328495979309
568,133.1277084350586,223.0933609008789,58.73158264160156,130.5361785888672,0.8057808876037598
569,119.35981369018555,234.3359832763672,42.41071319580078,131.56747436523438,0.7865578532218933
570,115.8650131225586,244.4310073852539,45.90968322753906,134.0293426513672,0.7714827656745911
571,107.1836929321289,268.4302978515625,48.97581481933594,136.25115966796875,0.6566939353942871
572,100.33941268920898,285.57582092285156,44.320350646972656,131.92196655273438,0.6198240518569946
573,88.4945068359375,290.6207733154297,45.455230712890625,124.75930786132812,0.5326048731803894
574,80.56271553039551,317.4490203857422,47.41671371459961,136.02615356445312,0.6423052549362183
575,68.58386039733887,334.7850646972656,47.19748306274414,130.09765625,0.4427713453769684
576,411.0498504638672,145.08078384399414,43.371978759765625,112.01000213623047,0.4021149277687073
577,411.4999542236328,145.0743064880371,43.821990966796875,112.17469024658203,0.36906105279922485
578,411.4911193847656,145.11194229125977,42.65106201171875,111.63542938232422,0.3613772988319397
579,411.2217254638672,145.29856872558594,41.770782470703125,111.48971557617188,0.3704204559326172
580,411.3483428955078,145.19948196411133,41.845306396484375,111.32988739013672,0.34738636016845703
581,411.34474182128906,145.2992401123047,41.646453857421875,111.13314819335938,0.3321561813354492
582,410.06153869628906,145.5848846435547,39.640228271484375,110.4971923828125,0.3176737129688263
583,410.64512634277344,145.31430435180664,40.769927978515625,110.99681854248047,0.3380417227745056
584,411.1285095214844,144.9326400756836,41.96923828125,111.57606506347656,0.3700881004333496
585,410.64111328125,145.0978126525879,42.12823486328125,111.38878631591797,0.4547410011291504
586,407.99745178222656,145.87068939208984,37.648834228515625,109.61958312988281,0.4233783185482025
587,408.4598083496094,145.9671745300293,38.31573486328125,110.1180191040039,0.4262402653694153
588,410.04620361328125,145.947265625,42.2445068359375,110.21865844726562,0.35966137051582336
589,,,,,0.0
590,,,,,0.0
591,,,,,0.0
592,,,,,0.0
593,,,,,0.0
594,,,,,0.0
595,,,,,0.0
596,,,,,0.0
597,,,,,0.0
598,,,,,0.0
599,,,,,0.0
600,,,,,0.0
601,,,,,0.0
602,,,,,0.0
603,,,,,0.0
604,,,,,0.0
605,,,,,0.0
606,,,,,0.0
607,,,,,0.0
608,,,,,0.0
609,,,,,0.0
610,,,,,0.0
611,,,,,0.0
612,,,,,0.0
613,,,,,0.0
614,163.8227310180664,86.2798843383789,9.812301635742188,19.864883422851562,0.3516079783439636
615,409.6650390625,144.47560119628906,43.21466064453125,114.58755493164062,0.4708772301673889
616,407.0330505371094,144.84919357299805,37.96807861328125,113.26374053955078,0.529506266117096
617,406.8767852783203,145.55963897705078,37.169952392578125,110.68778991699219,0.6378480792045593
618,406.32606506347656,145.0834732055664,36.820892333984375,110.06245422363281,0.6193917989730835
619,404.23114013671875,142.30009841918945,31.94677734375,111.17891693115234,0.5409477949142456
620,141.2940444946289,183.61844635009766,32.78013610839844,118.46354675292969,0.6400522589683533
621,388.5271911621094,139.21220779418945,51.52520751953125,116.84807586669922,0.7965080142021179
622,381.65576171875,138.00446319580078,48.63507080078125,112.38615417480469,0.812365710735321
623,379.4499969482422,136.268798828125,44.459259033203125,112.1971435546875,0.760664701461792
624,378.3787536621094,136.98352432250977,43.73095703125,111.3373031616211,0.7157434225082397
625,375.01690673828125,132.3661880493164,40.12158203125,99.96620178222656,0.5689507722854614
626,370.4197235107422,131.9154930114746,35.916900634765625,100.6178970336914,0.6508033871650696
627,135.7257080078125,192.6001968383789,45.654052734375,139.19004821777344,0.7332466244697571
628,367.0543518066406,133.3147430419922,37.76171875,111.339599609375,0.7380097508430481
629,364.6026306152344,132.94970321655273,37.43780517578125,115.25055694580078,0.7609321475028992
630,361.5654754638672,130.47203063964844,35.404571533203125,113.1610107421875,0.7946160435676575
631,363.0204772949219,131.2433967590332,38.39752197265625,120.53545379638672,0.7175701856613159
632,136.90511322021484,239.84779357910156,43.10905456542969,116.74502563476562,0.7132380604743958
633,,,,,0.0
634,,,,,0.0
635,,,,,0.0
636,149.4374008178711,272.571533203125,58.50794982910156,122.352294921875,0.5728867053985596
637,149.0472869873047,303.3314895629883,56.255126953125,138.07225036621094,0.45698562264442444
638,143.50605010986328,318.2593231201172,52.76615905761719,131.90487670898438,0.45492589473724365
639,,,,,0.0
640,162.32299041748047,351.6468811035156,38.41972351074219,133.31640625,0.5713335275650024
641,163.3884506225586,363.084716796875,42.98164367675781,128.5919189453125,0.6396294832229614
642,,,,,0.0
643,,,,,0.0
644,477.65049743652344,451.9339599609375,68.64315795898438,119.3140869140625,0.2774462103843689
645,461.700439453125,439.0364227294922,58.73486328125,140.20486450195312,0.6562362909317017
646,450.6120147705078,421.6106414794922,46.094329833984375,149.96487426757812,0.3778441250324249
647,430.692626953125,390.2767639160156,62.52569580078125,134.49560546875,0.3299636244773865
648,411.21124267578125,378.65350341796875,38.54345703125,128.6875,0.6444059014320374
649,,,,,0.0
650,404.0557556152344,333.0337829589844,45.80694580078125,127.08856201171875,0.7519899010658264
651,387.3747100830078,318.3921585083008,55.191986083984375,134.50218200683594,0.5987237095832825
652,383.8708038330078,292.0415267944336,48.187896728515625,124.09779357910156,0.7579843997955322
653,380.5192108154297,282.7948913574219,44.036407470703125,130.34521484375,0.7811421751976013
654,377.8965606689453,259.85411834716797,47.018585205078125,122.20350646972656,0.521510124206543
655,373.1242980957031,244.41205596923828,48.1044921875,133.7173309326172,0.6894084215164185
656,369.8732147216797,233.68840789794922,44.555511474609375,133.01783752441406,0.6447920203208923
657,367.1669464111328,214.88494873046875,41.292572021484375,117.96923828125,0.6892904043197632
658,364.4525146484375,212.23534393310547,34.8631591796875,119.55970764160156,0.7086659073829651
659,366.3105010986328,187.74700164794922,38.563323974609375,118.80757141113281,0.7229741811752319
660,367.57403564453125,179.82486724853516,37.268798828125,118.49909973144531,0.7109734416007996
661,364.1578674316406,174.9670066833496,37.08233642578125,118.3742446899414,0.6182840466499329
662,359.33245849609375,159.7420196533203,33.2607421875,104.531005859375,0.8087117671966553
663,361.45391845703125,156.3533821105957,38.404296875,107.7136459350586,0.8387463688850403
664,361.87957763671875,147.9146728515625,34.3916015625,102.9990234375,0.8403100967407227
665,360.9702606201172,141.0139045715332,32.025665283203125,98.19451141357422,0.8107421398162842
666,359.2465515136719,139.95905685424805,29.18756103515625,102.86811065673828,0.7720276117324829
667,356.0982971191406,136.9235382080078,32.43292236328125,102.82391357421875,0.745354950428009
668,355.6731719970703,136.83249282836914,28.593780517578125,104.54766082763672,0.7132925987243652
669,352.7175750732422,135.33021926879883,29.921356201171875,108.13848114013672,0.746770977973938
670,348.3128662109375,132.98535919189453,26.9166259765625,111.75407409667969,0.827049195766449
671,344.4790344238281,123.53559112548828,24.03033447265625,103.17607116699219,0.45836928486824036
672,,,,,0.0
673,,,,,0.0
674,,,,,0.0
675,,,,,0.0
676,,,,,0.0
677,,,,,0.0
678,,,,,0.0
679,,,,,0.0
680,,,,,0.0
681,,,,,0.0
682,,,,,0.0
683,,,,,0.0
684,,,,,0.0
685,,,,,0.0
686,,,,,0.0
687,,,,,0.0
688,,,,,0.0
689,,,,,0.0
690,,,,,0.0
691,,,,,0.0
692,,,,,0.0
693,,,,,0.0
694,,,,,0.0
695,,,,,0.0
696,,,,,0.0
697,,,,,0.0
698,,,,,0.0
699,,,,,0.0
700,,,,,0.0
701,,,,,0.0
702,,,,,0.0
703,,,,,0.0
704,261.0665588378906,129.7027587890625,12.50244140625,31.017059326171875,0.2943473160266876
705,,,,,0.0
706,,,,,0.0
707,,,,,0.0
708,303.79798889160156,155.9222640991211,30.892669677734375,103.49272155761719,0.37867623567581177
709,308.2017517089844,168.05575942993164,46.8994140625,118.49169158935547,0.32658711075782776
710,316.47084045410156,169.15350341796875,45.878997802734375,115.9417724609375,0.6307997107505798
711,322.8229064941406,186.3070831298828,44.779296875,130.70986938476562,0.7397685647010803
712,341.9154052734375,147.9448013305664,9.5079345703125,22.200729370117188,0.4505904018878937
713,336.8677673339844,188.61783599853516,40.69970703125,82.08644104003906,0.4201529920101166
714,342.8068389892578,220.1360626220703,50.323150634765625,136.00473022460938,0.6878916025161743
715,352.2660675048828,240.2157974243164,54.948822021484375,135.99815368652344,0.5123990774154663
716,358.35121154785156,248.17462158203125,48.239166259765625,117.41619873046875,0.42568260431289673
717,,,,,0.0
718,,,,,0.0
719,,,,,0.0
720,384.68310546875,324.03661346435547,57.9820556640625,140.92127990722656,0.38649165630340576
721,401.9499053955078,345.4190368652344,49.531951904296875,126.0048828125,0.5729300379753113
722,,,,,0.0
723,,,,,0.0
724,,,,,0.0
725,,,,,0.0
726,,,,,0.0
727,,,,,0.0
728,,,,,0.0
729,,,,,0.0
730,,,,,0.0
731,,,,,0.0
732,,,,,0.0
733,,,,,0.0
734,501.79071044921875,100.9520378112793,20.23681640625,87.0513687133789,0.4114675223827362
735,498.35292053222656,108.45879173278809,26.785736083984375,94.25020217895508,0.49761295318603516
736,498.5324249267578,110.1797981262207,26.417205810546875,93.8390121459961,0.4981183707714081
737,498.81385803222656,116.98400115966797,25.842681884765625,100.33552551269531,0.3945016860961914
738,497.52088928222656,127.86247634887695,28.442291259765625,104.04781341552734,0.5318703055381775
739,496.3183135986328,129.8693504333496,30.996002197265625,101.96009063720703,0.45598477125167847
740,489.0283508300781,91.4754409790039,45.94329833984375,182.9508819580078,0.44084033370018005
741,,,,,0.0
742,,,,,0.0
743,493.0859375,150.21538162231445,37.6292724609375,107.07500457763672,0.5332143306732178
744,492.2922821044922,151.87134170532227,38.788299560546875,123.19585418701172,0.2645190954208374
745,482.2235870361328,111.15470886230469,59.552825927734375,222.30941772460938,0.2830822765827179
746,482.3579559326172,113.245361328125,59.284088134765625,226.49072265625,0.2724741995334625
747,,,,,0.0
748,,,,,0.0
749,,,,,0.0
750,485.5578155517578,194.4432830810547,52.873809814453125,250.56430053710938,0.2696651518344879
751,,,,,0.0
752,477.14073181152344,149.99649047851562,69.35098266601562,299.99298095703125,0.26019805669784546
753,477.1005859375,181.9433012008667,69.71466064453125,327.81096839904785,0.324165403842926
754,,,,,0.0
755,447.8776397705078,216.543701171875,47.928314208984375,119.059326171875,0.5140690207481384
756,449.1437530517578,221.18032836914062,52.507598876953125,121.3701171875,0.35879257321357727
757,480.2060089111328,186.2696132659912,63.587982177734375,300.3999214172363,0.25326967239379883
758,,,,,0.0
759,,,,,0.0
760,,,,,0.0
761,399.4885559082031,250.3426971435547,59.66070556640625,116.05624389648438,0.43390101194381714
762,392.9981994628906,253.25552368164062,48.94580078125,119.54833984375,0.35700446367263794
763,386.0431365966797,258.44300079345703,46.498626708984375,115.86607360839844,0.31202346086502075
764,369.2376403808594,262.2049865722656,53.96746826171875,106.95001220703125,0.4088437259197235
765,361.0322265625,270.6622619628906,55.95037841796875,125.42559814453125,0.2940194308757782
766,,,,,0.0
767,342.0557098388672,280.9862365722656,38.482513427734375,111.05499267578125,0.5519505143165588
768,318.64048767089844,281.670654296875,53.463043212890625,122.32244873046875,0.5451470017433167
769,308.11602783203125,287.4496612548828,47.11279296875,129.31973266601562,0.5955371856689453
770,295.7379913330078,290.0172424316406,46.816680908203125,109.71240234375,0.44153067469596863
771,278.9542465209961,302.5042266845703,52.53633117675781,125.31143188476562,0.5798859596252441
772,269.3363342285156,304.7683563232422,46.19384765625,121.41122436523438,0.46753522753715515
773,261.1090774536133,310.8223571777344,33.77861022949219,108.85906982421875,0.4360165596008301
774,235.2844696044922,312.6561050415039,64.56631469726562,118.15538024902344,0.44950002431869507
775,218.5157699584961,315.4338912963867,51.77989196777344,120.88722229003906,0.7147197723388672
776,202.60994720458984,325.41172790527344,54.64500427246094,134.98983764648438,0.5109447836875916
777,188.19436645507812,334.427734375,55.031005859375,126.8499755859375,0.45107972621917725
778,175.5518341064453,337.2156677246094,49.824615478515625,127.04327392578125,0.4692637622356415
779,158.4242172241211,339.943603515625,48.29023742675781,119.91949462890625,0.3757082521915436
780,139.79748153686523,344.42120361328125,69.14569854736328,117.12255859375,0.5348409414291382
781,130.04943084716797,349.98095703125,57.85456848144531,108.66339111328125,0.36196383833885193
782,116.34013366699219,352.1364440917969,49.48687744140625,117.39459228515625,0.4868133068084717
783,219.55889129638672,176.89642333984375,32.46098327636719,94.53057861328125,0.49068760871887207
784,229.592529296875,165.1581268310547,45.379974365234375,115.874267578125,0.7791181802749634
785,228.69817352294922,182.6206398010254,51.90995788574219,130.83751678466797,0.8197035789489746
786,240.99541473388672,193.86058044433594,41.72950744628906,125.70236206054688,0.7751045227050781
787,235.98383331298828,206.9697036743164,67.09910583496094,130.65049743652344,0.6790668368339539
788,257.21925354003906,193.1417007446289,45.688812255859375,79.85502624511719,0.33595898747444153
789,258.2140121459961,204.25275421142578,40.21748352050781,83.05635070800781,0.36232990026474
790,253.44435119628906,248.37808227539062,60.527679443359375,139.88037109375,0.7787604928016663
791,271.614013671875,264.07108306884766,52.513671875,141.61485290527344,0.4297707676887512
792,276.6365203857422,268.2787399291992,58.106353759765625,130.1415557861328,0.5551902651786804
793,296.05259704589844,290.044677734375,71.25106811523438,168.02362060546875,0.34599578380584717
794,,,,,0.0
795,315.092529296875,312.9058609008789,58.8905029296875,136.3484344482422,0.5524457097053528
796,334.3215789794922,334.4060516357422,52.338470458984375,149.58865356445312,0.27974987030029297
797,,,,,0.0
798,,,,,0.0
799,376.457275390625,393.0291748046875,53.00537109375,154.984619140625,0.589384913444519
800,,,,,0.0
801,,,,,0.0
802,,,,,0.0
803,,,,,0.0
804,,,,,0.0
805,,,,,0.0
806,,,,,0.0
807,,,,,0.0
808,,,,,0.0
809,,,,,0.0
810,,,,,0.0
811,,,,,0.0
812,,,,,0.0
813,,,,,0.0
814,500.986083984375,323.5312271118164,22.02783203125,148.42710876464844,0.40671399235725403
815,,,,,0.0
816,,,,,0.0
817,,,,,0.0
818,,,,,0.0
819,,,,,0.0
820,,,,,0.0
821,,,,,0.0
822,,,,,0.0
823,,,,,0.0
824,,,,,0.0
825,388.9793243408203,388.5183868408203,66.06527709960938,139.82028198242188,0.6299039125442505
826,370.3667449951172,370.789794921875,30.262969970703125,101.0638427734375,0.5227439999580383
827,,,,,0.0
828,354.4618225097656,337.2707214355469,61.31396484375,142.06640625,0.7177581191062927
829,344.7932586669922,310.6003875732422,64.32980346679688,126.48818969726562,0.5810778141021729
830,330.3482666015625,303.8931121826172,63.197265625,139.54385375976562,0.8136370778083801
831,321.0380401611328,280.6727066040039,52.280853271484375,121.58750915527344,0.6995617747306824
832,309.40216064453125,273.6464385986328,57.32470703125,130.70059204101562,0.4682472348213196
833,298.8770294189453,261.5040969848633,59.293304443359375,134.84190368652344,0.7902973294258118
834,290.4663543701172,239.1935043334961,56.005584716796875,118.98249816894531,0.6991935968399048
835,281.5542984008789,235.37793731689453,53.88383483886719,126.97276306152344,0.6947258710861206
836,272.4507369995117,216.29344177246094,58.45722961425781,118.54580688476562,0.7840810418128967
837,268.3193054199219,207.1480484008789,58.51513671875,122.13249206542969,0.8591632843017578
838,267.6082077026367,199.98936462402344,50.14601135253906,119.88333129882812,0.7613557577133179
839,264.25757598876953,182.0863037109375,45.84776306152344,105.03848266601562,0.7345081567764282
840,258.3606719970703,176.4375114440918,51.393035888671875,117.78180694580078,0.8371413350105286
841,251.66220092773438,170.4530029296875,45.71728515625,119.57943725585938,0.8316113352775574
842,247.3339080810547,157.0069694519043,41.445404052734375,105.2292251586914,0.73412024974823
843,241.2462158203125,154.09326171875,37.56634521484375,108.40292358398438,0.6949177980422974
844,238.79507446289062,150.6845817565918,37.16705322265625,112.98371124267578,0.6945837736129761
845,237.4623031616211,142.66381072998047,37.75917053222656,113.65791320800781,0.8490091562271118
846,235.98261260986328,133.0684814453125,37.61640930175781,109.548583984375,0.8227320313453674
847,236.0475616455078,130.67704010009766,38.216888427734375,113.88499450683594,0.8090503811836243
848,235.7959213256836,119.28592300415039,38.95854187011719,107.34667205810547,0.7238107919692993
849,238.85175323486328,114.27766036987305,33.22798156738281,107.8798599243164,0.5024656653404236
850,239.54657745361328,105.02326965332031,34.83158874511719,102.24050903320312,0.7458840012550354
851,,,,,0.0
852,238.27997589111328,91.20631217956543,39.34306335449219,102.70593643188477,0.39656051993370056
853,,,,,0.0
854,240.0861358642578,75.31806659698486,37.342498779296875,93.3813533782959,0.7713224291801453
855,237.42803192138672,70.52297401428223,43.21046447753906,87.09951400756836,0.5598016977310181
856,,,,,0.0
857,,,,,0.0
858,494.8683624267578,425.94586181640625,33.936126708984375,170.29736328125,0.2695402204990387
859,463.8986358642578,387.6313171386719,57.950592041015625,156.33050537109375,0.5582139492034912
860,441.7379913330078,346.73472595214844,56.316009521484375,146.15536499023438,0.6110509634017944
861,418.83631896972656,312.8509063720703,44.077239990234375,143.80953979492188,0.7845862507820129
862,390.7646026611328,281.1280288696289,54.876556396484375,131.64073181152344,0.7520082592964172
863,378.7324676513672,257.45953369140625,50.753814697265625,144.45068359375,0.7492571473121643
864,362.8470916748047,226.24065399169922,47.189971923828125,123.30763244628906,0.8090294599533081
865,350.2047119140625,211.32280731201172,41.32720947265625,133.8854522705078,0.8155237436294556
866,339.0363464355469,187.2704620361328,39.330810546875,114.87191772460938,0.8278396725654602
867,329.2101593017578,180.13940811157227,40.171112060546875,127.64141082763672,0.8012241125106812
868,316.9377899169922,166.08678436279297,44.152435302734375,117.04060363769531,0.6644550561904907
869,295.4521942138672,156.78790283203125,57.011138916015625,113.36404418945312,0.8446483016014099
870,287.8009796142578,148.57299423217773,48.869232177734375,111.60724639892578,0.8600338697433472
871,279.37806701660156,145.71147537231445,43.490814208984375,117.63085174560547,0.8395681381225586
872,274.08251953125,144.68838500976562,42.74273681640625,122.638427734375,0.8496509194374084
873,269.0355224609375,136.8334083557129,37.39312744140625,125.9504623413086,0.8343817591667175
874,266.2396697998047,125.2590217590332,37.933258056640625,113.55706024169922,0.8352960348129272
875,259.65770721435547,109.64837646484375,40.08583068847656,107.4425048828125,0.8764285445213318
876,152.72089767456055,201.513671875,54.30768585205078,130.38629150390625,0.6953768134117126
877,152.7789535522461,207.54715728759766,47.57069396972656,121.33848571777344,0.68941730260849
878,144.1477813720703,227.73308563232422,51.574371337890625,139.9276885986328,0.7345440983772278
879,135.2052993774414,232.8033676147461,50.39158630371094,140.85487365722656,0.7507209777832031
880,124.60662460327148,234.23883819580078,47.03424835205078,132.9268035888672,0.6357471346855164
881,112.15272903442383,244.40161895751953,61.29912567138672,133.37840270996094,0.7833048105239868
882,94.2513427734375,254.9703369140625,43.96797180175781,132.78753662109375,0.2570386528968811
883,84.05096817016602,258.9955596923828,56.420005798339844,129.09884643554688,0.32965293526649475
884,78.17758750915527,282.3859176635742,48.16899490356445,139.6137237548828,0.6518719792366028
885,68.19589805603027,294.2377166748047,48.48952102661133,131.71109008789062,0.3066467046737671
886,60.152244567871094,299.5348358154297,40.12763977050781,121.43032836914062,0.30613914132118225
887,,,,,0.0
888,,,,,0.0
889,,,,,0.0
890,,,,,0.0
891,,,,,0.0
892,,,,,0.0
893,,,,,0.0
894,,,,,0.0
895,,,,,0.0
896,,,,,0.0
897,,,,,0.0
898,,,,,0.0
899,,,,,0.0
900,,,,,0.0
901,,,,,0.0
902,,,,,0.0
903,,,,,0.0
904,,,,,0.0
905,,,,,0.0
906,,,,,0.0
907,,,,,0.0
908,,,,,0.0
909,,,,,0.0
910,,,,,0.0
911,,,,,0.0
912,,,,,0.0
913,,,,,0.0
914,,,,,0.0
915,,,,,0.0
916,,,,,0.0
917,272.4122772216797,415.17005920410156,74.57357788085938,167.85702514648438,0.3921748697757721
918,266.8350143432617,404.7032470703125,73.90742492675781,188.4151611328125,0.6608893871307373
919,263.5804138183594,384.6397399902344,78.45574951171875,189.6982421875,0.8214158415794373
920,278.9814453125,345.7892608642578,50.61065673828125,155.01376342773438,0.7030162811279297
921,258.664794921875,339.3459243774414,76.50018310546875,179.38365173339844,0.8176848292350769
922,264.4891891479492,316.202880859375,43.08222961425781,157.68377685546875,0.7795737385749817
923,243.89209747314453,293.1513442993164,65.85459899902344,160.04039001464844,0.7265828847885132
924,240.2977294921875,284.45640563964844,61.79730224609375,166.04971313476562,0.8575121164321899
925,246.68738555908203,255.5685806274414,39.44322204589844,138.69248962402344,0.3324737548828125
926,229.8138198852539,245.13581085205078,58.57359313964844,131.88523864746094,0.6060773134231567
927,221.97380828857422,232.38623809814453,54.43803405761719,142.35313415527344,0.8288527131080627
928,223.0767593383789,217.352294921875,45.87657165527344,135.91583251953125,0.6906018853187561
929,218.3996124267578,213.4769287109375,50.619415283203125,146.38763427734375,0.7299087643623352
930,223.2497329711914,198.2460479736328,45.83970642089844,137.92050170898438,0.7545250654220581
931,225.96893310546875,184.00701904296875,48.63800048828125,131.50827026367188,0.818597137928009
932,228.84207153320312,180.2442970275879,48.142333984375,139.47350311279297,0.8334941864013672
933,233.6356964111328,173.17977142333984,48.191741943359375,133.0955352783203,0.7850977778434753
934,235.549072265625,157.8750991821289,47.709716796875,126.55821228027344,0.7740792036056519
935,241.72509002685547,153.43481826782227,47.86903381347656,122.48613739013672,0.766521692276001
936,246.46543884277344,151.42525100708008,45.516998291015625,128.9830551147461,0.8080815672874451
937,250.3259735107422,148.22172927856445,47.476837158203125,130.92244720458984,0.7925710082054138
938,252.2947540283203,146.6718406677246,44.274383544921875,129.7094497680664,0.8336974382400513
939,251.7814712524414,145.45843505859375,45.17442321777344,127.1649169921875,0.7949649691581726
940,251.9680633544922,144.44445037841797,42.763946533203125,126.93025207519531,0.8300315737724304
941,249.75234985351562,142.3818588256836,46.96954345703125,126.16255187988281,0.8514259457588196
942,242.9112777709961,137.7383918762207,46.64393615722656,117.6021957397461,0.8373125195503235
943,237.27676391601562,133.1069564819336,43.29541015625,128.3014678955078,0.8560442328453064
944,234.1976089477539,125.04501724243164,41.63383483886719,123.02300262451172,0.5152694582939148
945,235.827392578125,116.67521858215332,38.279693603515625,116.43358993530273,0.5113297700881958
946,,,,,0.0
947,241.51691436767578,105.11746788024902,34.74485778808594,118.92912673950195,0.33374184370040894
948,,,,,0.0
949,242.5572738647461,96.19441986083984,33.37635803222656,121.62345886230469,0.2863255441188812
950,,,,,0.0
951,,,,,0.0
952,,,,,0.0
953,,,,,0.0
954,,,,,0.0
955,,,,,0.0
956,,,,,0.0
957,,,,,0.0
958,,,,,0.0
959,,,,,0.0
960,,,,,0.0
961,,,,,0.0
962,,,,,0.0
963,,,,,0.0
964,,,,,0.0
965,,,,,0.0
966,,,,,0.0
967,,,,,0.0
968,,,,,0.0
969,,,,,0.0
970,,,,,0.0
971,,,,,0.0
972,,,,,0.0
973,,,,,0.0
974,,,,,0.0
975,,,,,0.0
976,,,,,0.0
977,,,,,0.0
978,,,,,0.0
979,121.90724182128906,174.6949462890625,40.3707275390625,116.513671875,0.6149612665176392
980,122.66537094116211,181.7943344116211,40.777809143066406,122.14540100097656,0.7107499837875366
981,120.92304992675781,196.77146911621094,38.227294921875,128.21060180664062,0.7202951908111572
982,119.54875564575195,203.2076416015625,37.49706268310547,120.66949462890625,0.580539882183075
983,113.54681396484375,211.70783233642578,38.082366943359375,120.44847106933594,0.5471106171607971
984,107.12310028076172,226.406982421875,46.04621887207031,129.932373046875,0.3370053768157959
985,95.77962493896484,233.12222290039062,38.09326171875,130.68798828125,0.33499279618263245
986,103.82807540893555,240.9236831665039,37.31719207763672,133.03404235839844,0.3393760323524475
987,99.27741622924805,264.0897445678711,42.447486877441406,137.78358459472656,0.6922224760055542
988,92.84226989746094,275.45008087158203,42.492919921875,130.24497985839844,0.6872144937515259
989,83.2149772644043,275.1473388671875,44.248390197753906,127.32342529296875,0.3951202929019928
990,71.5970573425293,297.3018112182617,48.36481475830078,144.4032745361328,0.6418895125389099
991,55.52478790283203,318.5247116088867,36.221435546875,129.2165069580078,0.46706271171569824
992,,,,,0.0
993,,,,,0.0
994,,,,,0.0
995,,,,,0.0
996,,,,,0.0
997,,,,,0.0
998,,,,,0.0
999,,,,,0.0
1000,,,,,0.0
1001,,,,,0.0
1002,,,,,0.0
1003,,,,,0.0
1004,,,,,0.0
1005,,,,,0.0
1006,,,,,0.0
1007,,,,,0.0
1008,,,,,0.0
1009,,,,,0.0
1010,,,,,0.0
1011,,,,,0.0
1012,,,,,0.0
1013,,,,,0.0
1014,,,,,0.0
1015,,,,,0.0
1016,,,,,0.0
1017,,,,,0.0
1018,,,,,0.0
1019,,,,,0.0
1020,,,,,0.0
1021,159.87257385253906,139.84172439575195,16.210662841796875,46.522117614746094,0.41728970408439636
1022,,,,,0.0
1023,,,,,0.0
1024,,,,,0.0
1025,,,,,0.0
1026,449.3888244628906,491.7568359375,75.88311767578125,40.486328125,0.25915923714637756
1027,434.21014404296875,474.711669921875,62.780517578125,74.57666015625,0.6402418613433838
1028,428.48046875,459.9043884277344,54.17626953125,103.76007080078125,0.7498961687088013
1029,336.9865264892578,437.7857208251953,64.71261596679688,148.42855834960938,0.5940694212913513
1030,415.0017395019531,428.649169921875,58.81195068359375,158.42852783203125,0.672511875629425
1031,401.76995849609375,405.5002899169922,57.305419921875,150.89883422851562,0.8207669258117676
1032,199.56293487548828,176.25800323486328,34.14326477050781,111.33110046386719,0.79881751537323
1033,216.8969955444336,178.19301986694336,60.71421813964844,110.75513458251953,0.9034184217453003
1034,320.606689453125,320.93212127685547,58.15167236328125,148.50477600097656,0.7276541590690613
1035,381.585205078125,324.9473114013672,50.3499755859375,145.61288452148438,0.859967052936554
1036,373.9851989746094,301.7239074707031,50.82525634765625,133.73883056640625,0.8441597819328308
1037,301.00146484375,268.6449432373047,50.40203857421875,153.55520629882812,0.8386638760566711
1038,361.456787109375,272.96862030029297,49.06524658203125,136.81068420410156,0.8212482333183289
1039,286.7372131347656,235.73104858398438,50.7978515625,142.6044921875,0.8286243677139282
1040,347.791748046875,244.68353271484375,43.09857177734375,131.73486328125,0.8399577140808105
1041,337.6669006347656,222.95730590820312,44.92803955078125,118.875732421875,0.880720317363739
1042,330.98255920410156,214.38526153564453,46.006195068359375,124.81492614746094,0.812422513961792
1043,262.227294921875,175.994873046875,47.39764404296875,123.171142578125,0.8805774450302124
1044,257.5886764526367,171.43886947631836,44.98652648925781,128.0455093383789,0.842703104019165
1045,310.2038116455078,186.57320404052734,40.262969970703125,119.35578918457031,0.8301154375076294
1046,246.87939453125,147.197509765625,38.52459716796875,118.89569091796875,0.8639872074127197
1047,239.9809112548828,143.17518615722656,39.976654052734375,122.84423828125,0.8844278454780579
1048,287.40711975097656,164.7716293334961,37.990814208984375,115.39717102050781,0.8254683017730713
1049,281.6716003417969,157.01699447631836,38.66815185546875,107.0486831665039,0.807695209980011
1050,230.7562026977539,136.9003448486328,36.49833679199219,127.100830078125,0.8386526703834534
1051,228.3318862915039,131.3227767944336,34.54472351074219,119.46009826660156,0.8499222993850708
1052,224.395263671875,119.59131240844727,37.090911865234375,115.2740707397461,0.8569633960723877
1053,253.24644470214844,142.05070877075195,36.903228759765625,105.5765609741211,0.8636976480484009
1054,210.58405303955078,104.54669380187988,46.23408508300781,113.28585433959961,0.8650568127632141
1055,236.27637481689453,133.6503143310547,40.71983337402344,109.802490234375,0.8817766308784485
1056,235.57611846923828,128.87516021728516,39.29130554199219,112.61839294433594,0.8956488966941833
1057,235.028076171875,122.96322250366211,41.87774658203125,115.43738555908203,0.8703364133834839
1058,229.64852905273438,107.60580635070801,40.79443359375,103.68056869506836,0.8294901251792908
1059,228.2210922241211,103.52373123168945,32.23890686035156,107.9522933959961,0.8466400504112244
1060,225.3069839477539,88.95311164855957,32.24198913574219,97.48217391967773,0.8183323740959167
1061,222.19379425048828,85.17476272583008,32.44364929199219,101.97078704833984,0.8821037411689758
1062,494.0364074707031,107.42679595947266,35.92718505859375,214.8535919189453,0.2964206039905548
1063,,,,,0.0
1064,,,,,0.0
1065,,,,,0.0
1066,,,,,0.0
1067,,,,,0.0
1068,,,,,0.0
1069,,,,,0.0
1070,,,,,0.0
1071,,,,,0.0
1072,,,,,0.0
1073,,,,,0.0
1074,,,,,0.0
1075,,,,,0.0
1076,,,,,0.0
1077,,,,,0.0
1078,,,,,0.0
1079,41.41179347038269,371.6841125488281,78.604483127594,250.951416015625,0.3134787380695343
1080,58.22477340698242,310.9579620361328,55.122154235839844,106.30331420898438,0.5517497062683105
1081,65.53193473815918,308.9020080566406,43.852909088134766,110.048828125,0.48435699939727783
1082,69.60758209228516,306.1524353027344,41.1754150390625,115.45947265625,0.7203436493873596
1083,75.62428092956543,302.8545684814453,46.034183502197266,120.38766479492188,0.6470192074775696
1084,84.66596603393555,297.24732208251953,49.98798370361328,107.61436462402344,0.591573178768158
1085,88.76553916931152,297.15696716308594,49.58664321899414,109.28848266601562,0.6232452988624573
1086,92.79727554321289,297.954345703125,50.992698669433594,110.98193359375,0.6617178320884705
1087,93.80358123779297,297.94678497314453,47.69078063964844,109.32041931152344,0.7658506035804749
1088,93.67800903320312,297.133056640625,45.660980224609375,108.26416015625,0.6985989212989807
1089,92.8880729675293,295.7526321411133,44.323509216308594,106.26298522949219,0.7338223457336426
1090,92.6400375366211,295.7033233642578,44.30632019042969,105.53848266601562,0.7681756019592285
1091,93.38186645507812,298.4179229736328,43.58912658691406,110.76522827148438,0.76263028383255
1092,95.4516716003418,301.3211364746094,42.823509216308594,111.013671875,0.7125816941261292
1093,101.94291687011719,301.4677276611328,50.824462890625,112.02938842773438,0.767400860786438
1094,105.4050178527832,301.7190399169922,47.14653778076172,109.64871215820312,0.7271783351898193
1095,108.5893783569336,298.0380401611328,41.61708068847656,116.42782592773438,0.7034798264503479
1096,125.72771453857422,297.3646697998047,55.34236145019531,118.84799194335938,0.6390516757965088
1097,131.39794540405273,287.4620132446289,47.79657745361328,126.14463806152344,0.5977362394332886
1098,147.5739974975586,285.64038848876953,47.67521667480469,118.52745056152344,0.6244872212409973
1099,162.90877532958984,280.755859375,59.23051452636719,115.85870361328125,0.8353873491287231
1100,168.9320831298828,275.6050262451172,53.116546630859375,122.89578247070312,0.8212224841117859
1101,187.74259185791016,277.8912658691406,42.90007019042969,116.99951171875,0.7093513011932373
1102,202.6550750732422,275.8601989746094,53.34521484375,121.75360107421875,0.7854767441749573
1103,214.13848114013672,276.1147918701172,55.89897155761719,110.25466918945312,0.5969196557998657
1104,231.9881820678711,269.9425811767578,45.40907287597656,110.31417846679688,0.7434617877006531
1105,243.87954711914062,268.5387725830078,56.6201171875,106.91592407226562,0.9063729047775269
1106,253.4600601196289,267.0008850097656,49.71318054199219,104.76104736328125,0.80402672290802
1107,266.3198776245117,265.3791046142578,32.36445617675781,108.97848510742188,0.7616684436798096
1108,279.6991271972656,265.087646484375,51.13311767578125,112.85693359375,0.8085612058639526
1109,289.5063018798828,260.46949005126953,46.622894287109375,112.14390563964844,0.5978131294250488
1110,304.2494354248047,257.73192596435547,38.562164306640625,110.50343322753906,0.7314938902854919
1111,313.6260681152344,255.49462890625,54.24853515625,107.57568359375,0.8408328890800476
1112,325.326904296875,254.38198852539062,61.7548828125,107.10107421875,0.7290675044059753
1113,343.1818389892578,253.7052993774414,46.629119873046875,110.73515319824219,0.7403196096420288
1114,348.0640563964844,253.065185546875,50.58514404296875,110.82989501953125,0.7175987958908081
1115,356.5658264160156,249.90914154052734,55.94921875,112.75917053222656,0.686452329158783
1116,368.6230926513672,244.86688995361328,46.098724365234375,109.34715270996094,0.6558931469917297
1117,372.33154296875,242.3914031982422,42.65179443359375,100.72006225585938,0.5462654829025269
1118,380.0389709472656,242.61465454101562,55.21942138671875,100.6380615234375,0.28408992290496826
1119,,,,,0.0
1120,,,,,0.0
1121,,,,,0.0
1122,,,,,0.0
1123,,,,,0.0
1124,,,,,0.0
1125,467.7718811035156,168.31221294403076,88.45623779296875,297.302698135376,0.25107541680336
1126,468.4622039794922,169.71801471710205,85.94357299804688,276.53510093688965,0.3428332209587097
1127,469.4891662597656,170.64455223083496,83.94940185546875,274.9630317687988,0.39559635519981384
1128,469.8289031982422,175.6951141357422,83.62869262695312,257.6744079589844,0.3719887435436249
1129,470.3406219482422,169.71466064453125,82.37033081054688,274.5711669921875,0.36485058069229126
1130,470.52972412109375,170.13592529296875,82.08544921875,272.6297607421875,0.36808615922927856
1131,470.35926818847656,169.5521945953369,82.34140014648438,273.6843681335449,0.32677286863327026
1132,470.59814453125,169.09043502807617,81.9677734375,273.53897857666016,0.3072062134742737
1133,470.0180206298828,171.5513153076172,83.96395874023438,282.5496520996094,0.32087159156799316
1134,469.8682098388672,178.11800575256348,83.82479858398438,247.06623458862305,0.4261966645717621
1135,469.6553497314453,168.58816242218018,84.68930053710938,284.5476131439209,0.38669848442077637
1136,469.8070831298828,169.23654174804688,84.38583374023438,283.60638427734375,0.39241859316825867
1137,470.5575256347656,168.4142360687256,82.88494873046875,286.6601142883301,0.4048488736152649
1138,469.8085021972656,169.0832061767578,84.38299560546875,282.7269592285156,0.44395196437835693
1139,479.5098571777344,158.81189584732056,64.92169189453125,300.5596799850464,0.4750105142593384
1140,470.2412567138672,165.97224712371826,83.51748657226562,292.935266494751,0.4248701333999634
1141,470.6580352783203,167.58778953552246,82.68392944335938,280.7791938781738,0.35675248503685
1142,472.132568359375,166.4943790435791,79.73486328125,290.1952018737793,0.43933457136154175
1143,470.8434753417969,165.45993041992188,82.31304931640625,294.95159912109375,0.4040568768978119
1144,471.0358123779297,166.8558864593506,81.92837524414062,292.6920967102051,0.4103233814239502
1145,472.0923767089844,167.5654811859131,79.81524658203125,294.2301826477051,0.3061772584915161
1146,474.8063507080078,169.8875217437744,74.38729858398438,280.4902763366699,0.366045743227005
1147,479.0098876953125,171.89215469360352,65.980224609375,263.6754684448242,0.2925094962120056
1148,472.0873565673828,174.3716583251953,79.82528686523438,257.1212463378906,0.3801927864551544
1149,494.5760803222656,173.4396457672119,34.84783935546875,255.07645797729492,0.318999320268631
1150,478.6160583496094,195.60812377929688,66.76788330078125,226.57684326171875,0.5082010626792908
1151,316.14698791503906,439.15980529785156,61.033782958984375,130.92373657226562,0.6580482125282288
1152,305.3846130371094,428.192138671875,59.47918701171875,145.9200439453125,0.6832985877990723
1153,299.86993408203125,411.3454132080078,61.73046875,154.69021606445312,0.7407404184341431
1154,463.9970703125,192.48353576660156,81.2952880859375,202.77322387695312,0.4077523350715637
1155,288.3605499267578,373.5338134765625,60.355072021484375,141.05572509765625,0.8184431195259094
1156,278.9210891723633,356.246337890625,54.67314147949219,141.7037353515625,0.8063424825668335
1157,274.3831558227539,335.8617858886719,57.31846618652344,135.076904296875,0.7938728928565979
1158,268.70056915283203,328.3589324951172,53.95494079589844,145.21719360351562,0.8615329265594482
1159,329.6580810546875,183.0104103088379,54.1820068359375,126.1675033569336,0.8122909069061279
1160,263.2966003417969,294.50843811035156,53.72357177734375,131.81893920898438,0.7324168682098389
1161,256.09922790527344,285.1600036621094,52.461334228515625,135.61688232421875,0.7912874817848206
1162,373.2760314941406,161.23995208740234,59.1962890625,126.35603332519531,0.8247120380401611
1163,286.9692840576172,161.49909591674805,43.532501220703125,120.2728042602539,0.8195493221282959
1164,356.1804656982422,160.49359893798828,43.012908935546875,125.31254577636719,0.766206681728363
1165,275.7112808227539,145.32992935180664,40.04844665527344,126.30858612060547,0.8613834977149963
1166,271.43359375,152.82246017456055,34.10467529296875,110.6492691040039,0.8122795820236206
1167,234.64669799804688,208.6865234375,45.28271484375,120.18572998046875,0.8145768642425537
1168,316.1277770996094,152.2075424194336,50.64862060546875,124.14399719238281,0.8363932967185974
1169,229.97624969482422,193.5347137451172,45.85566711425781,124.5361328125,0.8592868447303772
1170,225.9803924560547,178.8451156616211,43.597259521484375,116.83760070800781,0.7800799012184143
1171,221.96142578125,172.78034591674805,43.61846923828125,117.7894058227539,0.8477886915206909
1172,215.5130386352539,164.99472427368164,43.04316711425781,111.49486541748047,0.8611516356468201
1173,212.3344497680664,158.5123291015625,39.96488952636719,108.23886108398438,0.8104353547096252
1174,210.4859619140625,155.7109718322754,43.221038818359375,115.1631088256836,0.887891411781311
1175,209.7454833984375,150.2654266357422,43.79833984375,113.489501953125,0.8621504306793213
1176,209.548583984375,147.39295959472656,42.15057373046875,111.610107421875,0.815407395362854
1177,207.6277313232422,147.24685287475586,39.287689208984375,113.62293243408203,0.8134874105453491
1178,207.4869384765625,146.189697265625,40.471771240234375,116.38671875,0.7861665487289429
1179,208.246337890625,145.4698257446289,40.427154541015625,118.04862976074219,0.7706263661384583
1180,208.65184783935547,144.8998565673828,38.84678649902344,118.46328735351562,0.83402419090271
1181,209.56635284423828,144.66890716552734,39.52265930175781,117.80836486816406,0.7995731234550476
1182,214.6845245361328,136.38262176513672,38.659759521484375,109.92329406738281,0.7901310324668884
1183,217.5144500732422,133.87910842895508,40.629119873046875,105.9898910522461,0.7675560116767883
1184,218.100830078125,133.5444564819336,34.301666259765625,105.53010559082031,0.7214739918708801
1185,222.69336700439453,132.4205551147461,36.56083679199219,109.61518859863281,0.7957427501678467
1186,223.8444366455078,132.47813415527344,34.024505615234375,111.72067260742188,0.6681051850318909
1187,225.1969223022461,127.39155197143555,38.88389587402344,114.73145294189453,0.8631888031959534
1188,224.3873062133789,118.81159973144531,35.12178039550781,106.846435546875,0.7807701826095581
1189,470.5479431152344,170.99149703979492,82.3857421875,266.86649322509766,0.32930952310562134
1190,225.6111297607422,112.71060752868652,36.23095703125,109.21452713012695,0.5095089673995972
1191,40.52008360624313,419.80906677246094,79.40972292423248,184.38186645507812,0.712218165397644
1192,226.3974380493164,98.23665428161621,34.25663757324219,105.34938430786133,0.6509529948234558
1193,226.1688995361328,90.29004859924316,35.934967041015625,102.87980270385742,0.5958134531974792
1194,495.69873046875,176.27014541625977,32.6025390625,258.7378463745117,0.41765227913856506
1195,136.84978485107422,430.18426513671875,94.41255187988281,162.127197265625,0.7322244048118591
1196,157.07226943969727,441.6969299316406,67.48833465576172,139.08660888671875,0.581108808517456
1197,500.0658721923828,148.48711776733398,23.868255615234375,182.37458038330078,0.2763328552246094
1198,501.032470703125,173.1048126220703,21.93505859375,198.13540649414062,0.33002400398254395
1199,,,,,0.0
1200,470.3757781982422,169.3857879638672,82.22146606445312,259.2217712402344,0.35133856534957886
1201,470.7760772705078,176.53249168395996,82.44784545898438,241.81605911254883,0.3874340355396271
1202,470.4329528808594,183.1031837463379,81.7421875,226.59947967529297,0.489431768655777
1203,500.9861297607422,244.0481948852539,22.027740478515625,195.1838836669922,0.2874438464641571
1204,497.2788848876953,218.63289260864258,29.442230224609375,239.40352630615234,0.4432188868522644
1205,470.2742156982422,185.1262969970703,82.68380737304688,268.8268127441406,0.30614104866981506
1206,145.25286102294922,167.50814056396484,40.44819641113281,87.05436706542969,0.7703941464424133
1207,140.74252700805664,175.2104263305664,35.434226989746094,90.41859436035156,0.7315542101860046
1208,132.6670150756836,176.89054107666016,41.13481140136719,99.96629333496094,0.5224955081939697
1209,124.4876480102539,190.34656524658203,41.36827087402344,112.00837707519531,0.7086589336395264
1210,470.5232391357422,172.3377285003662,82.14962768554688,271.0591011047363,0.45461761951446533
1211,470.8529357910156,174.9178009033203,81.662109375,265.0060119628906,0.4482709765434265
1212,123.05792999267578,230.91952514648438,44.45268249511719,91.9171142578125,0.46195968985557556
1213,470.6407775878906,172.20303916931152,82.0927734375,266.58000564575195,0.4617590308189392
1214,470.9388732910156,170.64707565307617,81.46600341796875,269.46451568603516,0.4282712936401367
1215,470.9082489013672,169.74953079223633,81.51260375976562,269.71224212646484,0.4368930160999298
1216,470.92124938964844,170.55853843688965,81.57803344726562,266.4692268371582,0.4286065995693207
1217,110.09046936035156,264.1902160644531,56.138458251953125,128.203857421875,0.530973494052887
1218,470.7771453857422,171.83626747131348,81.96737670898438,262.89484786987305,0.4015095829963684
1219,470.697265625,171.73655319213867,82.0484619140625,265.46256256103516,0.4134972095489502
1220,470.6888732910156,171.56757736206055,82.06658935546875,265.3499526977539,0.406576007604599
1221,470.79736328125,171.35860061645508,81.8548583984375,265.64229583740234,0.3954918384552002
1222,470.7493133544922,170.55131149291992,81.90994262695312,267.15140533447266,0.40662094950675964
1223,114.59741592407227,331.3531799316406,53.228660583496094,127.394287109375,0.46509304642677307
1224,470.7409210205078,171.2591953277588,81.93478393554688,266.4750785827637,0.4267289936542511
1225,470.7753448486328,171.43393325805664,81.89443969726562,265.84325408935547,0.4222216308116913
1226,470.69189453125,171.64348220825195,82.09259033203125,265.7535629272461,0.42978376150131226
1227,470.56201171875,169.2938575744629,82.3062744140625,270.30260467529297,0.4316774904727936
1228,470.5439910888672,169.01615524291992,82.32705688476562,271.20487213134766,0.42035189270973206
1229,470.84608459472656,170.48017501831055,81.69784545898438,268.4458999633789,0.4399641752243042
1230,470.73301696777344,168.84656143188477,81.87362670898438,270.4414596557617,0.4174806773662567
1231,470.6372985839844,169.21347045898438,82.05352783203125,270.00555419921875,0.4075280427932739
1232,470.7108459472656,170.31298446655273,82.001953125,267.7453079223633,0.3920564651489258
1233,470.7562561035156,171.0276336669922,81.8876953125,266.9761657714844,0.4129472076892853
1234,470.94786071777344,172.73054122924805,81.47940063476562,264.6658706665039,0.43552640080451965
1235,470.9330139160156,171.1362247467041,81.4609375,268.9452018737793,0.43898653984069824
1236,470.7118225097656,170.19661903381348,81.86700439453125,269.05451583862305,0.4059838056564331
1237,470.5727996826172,170.2395534515381,82.21847534179688,268.7624092102051,0.39901867508888245
1238,470.6247100830078,169.40559768676758,82.04257202148438,271.40987396240234,0.3859967291355133
1239,470.7400360107422,172.394287109375,81.86532592773438,266.281005859375,0.40999385714530945
1240,471.1805725097656,172.40899085998535,80.998046875,266.7522087097168,0.4176248013973236
1241,471.2618103027344,171.69650650024414,80.8408203125,269.03783416748047,0.4287843704223633
1242,472.094970703125,170.223370552063,79.81005859375,285.4562129974365,0.3644583821296692
1243,475.201171875,171.3346462249756,73.59765625,290.4418525695801,0.33747124671936035
1244,475.5723114013672,176.95278358459473,72.85537719726562,267.61445236206055,0.3494979739189148
1245,,,,,0.0
1246,470.6556701660156,165.07818031311035,82.68865966796875,280.2705192565918,0.26927220821380615
1247,,,,,0.0
1248,470.4386749267578,465.3545837402344,73.80538940429688,92.625,0.306230366230011
1249,477.2713928222656,147.28366088867188,69.45721435546875,294.56732177734375,0.27377602458000183
1250,503.8064880371094,239.93081665039062,16.38702392578125,114.3740234375,0.25871580839157104
1251,,,,,0.0
1252,431.85986328125,421.8601531982422,70.91094970703125,157.07040405273438,0.4779717028141022
1253,426.5691375732422,393.9163360595703,65.89041137695312,138.43637084960938,0.6216084361076355
1254,426.07225036621094,384.77281188964844,74.21371459960938,149.10440063476562,0.6393941044807434
1255,421.6065979003906,373.98658752441406,68.40155029296875,152.52310180664062,0.7140985131263733
1256,415.65171813964844,351.0997009277344,60.817291259765625,137.16259765625,0.4191984236240387
1257,408.4844665527344,338.4752655029297,58.6357421875,140.43594360351562,0.6686826944351196
1258,400.85011291503906,329.07177734375,55.918304443359375,142.6263427734375,0.7727480530738831
1259,393.595458984375,305.53382873535156,53.3927001953125,127.49618530273438,0.8242738842964172
1260,387.40313720703125,298.6521987915039,52.96484375,138.43077087402344,0.8242168426513672
1261,381.8147735595703,288.8058395385742,54.008392333984375,143.64576721191406,0.7900932431221008
1262,378.2195281982422,269.4786682128906,47.153961181640625,128.80694580078125,0.6319287419319153
1263,364.96864318847656,261.983642578125,54.555267333984375,132.41766357421875,0.8709574937820435
1264,355.56591796875,247.16332244873047,49.42578125,128.9709014892578,0.8371067047119141
1265,350.6059875488281,234.7284393310547,48.01031494140625,127.84927368164062,0.8005238771438599
1266,344.61241149902344,228.48487091064453,48.067291259765625,132.78172302246094,0.7802519202232361
1267,339.1869659423828,212.80840301513672,44.746307373046875,124.25752258300781,0.748180091381073
1268,334.76722717285156,202.29145050048828,41.863677978515625,118.21342468261719,0.7818284034729004
1269,326.15771484375,197.05897521972656,40.26031494140625,121.47189331054688,0.8299387693405151
1270,317.73863220214844,180.46367263793945,39.750396728515625,109.9803695678711,0.8037751317024231
1271,313.0946807861328,177.44574737548828,43.519195556640625,118.29228210449219,0.7690210938453674
1272,307.9685363769531,172.1194076538086,44.12298583984375,119.55424499511719,0.7513842582702637
1273,301.5213165283203,162.66468811035156,41.916412353515625,116.0509033203125,0.692668616771698
1274,297.760986328125,155.4603385925293,44.11846923828125,113.2548599243164,0.8025307059288025
1275,296.0664978027344,154.1031265258789,40.60968017578125,112.67552185058594,0.8091043829917908
1276,295.4392547607422,153.38773345947266,40.613067626953125,114.61799621582031,0.8554179072380066
1277,294.61376953125,151.24197006225586,41.00640869140625,114.41651153564453,0.8561464548110962
1278,293.7229461669922,150.26922607421875,38.586212158203125,113.2054443359375,0.8369506001472473
1279,293.1213836669922,149.3935203552246,39.182708740234375,114.4911880493164,0.8349406123161316
1280,290.5106201171875,149.14246368408203,40.1368408203125,114.66899108886719,0.8227702379226685
1281,289.7296142578125,149.06214904785156,40.8319091796875,116.0032958984375,0.8316090106964111
1282,287.631103515625,148.40939712524414,40.8560791015625,115.77562713623047,0.8482778668403625
1283,284.774658203125,143.7398452758789,38.400390625,116.67121887207031,0.8586918711662292
1284,279.4768981933594,132.30158615112305,33.87957763671875,104.9317398071289,0.8601757884025574
1285,276.8863067626953,129.838623046875,34.062530517578125,112.68548583984375,0.760931670665741
1286,272.873779296875,123.97026824951172,35.99334716796875,114.84138488769531,0.8314797282218933
1287,270.5304183959961,113.92650032043457,29.154190063476562,106.32995223999023,0.38648808002471924
1288,,,,,0.0
1289,270.24195861816406,106.33674621582031,30.585052490234375,101.96591186523438,0.2783759832382202
1290,,,,,0.0
1291,,,,,0.0
1292,,,,,0.0
1293,,,,,0.0
1294,,,,,0.0
1295,140.2345199584961,165.68648529052734,38.42884826660156,100.34309387207031,0.49600011110305786
1296,135.75065994262695,181.46313095092773,39.74321746826172,109.65302276611328,0.5379676222801208
1297,131.90202713012695,184.43914794921875,37.73845672607422,98.88275146484375,0.7126242518424988
1298,130.1920928955078,200.76815795898438,36.162139892578125,112.99072265625,0.756091833114624
1299,128.16828155517578,207.34161376953125,42.20976257324219,122.50750732421875,0.735337495803833
1300,125.3115234375,217.90635681152344,43.296722412109375,107.41445922851562,0.7975202202796936
1301,117.9827766418457,228.40422821044922,47.69329071044922,137.0177764892578,0.5170625448226929
1302,,,,,0.0
1303,110.84209060668945,257.62964630126953,45.79998016357422,130.45518493652344,0.7098442912101746
1304,104.55670166015625,270.422119140625,45.802093505859375,129.31787109375,0.5870949029922485
1305,469.0858459472656,460.06336975097656,57.21453857421875,103.87326049804688,0.7370808720588684
1306,456.20228576660156,452.10691833496094,58.528411865234375,118.70590209960938,0.5150701403617859
1307,443.14471435546875,442.7368927001953,54.25,138.52621459960938,0.6023730039596558
1308,429.880859375,429.12774658203125,61.6732177734375,151.9267578125,0.5737177133560181
1309,419.37095642089844,417.19789123535156,59.368255615234375,157.17050170898438,0.5272089838981628
1310,407.3218231201172,394.8260498046875,55.230194091796875,144.77874755859375,0.33477583527565
1311,389.6620178222656,374.3437957763672,63.25958251953125,130.97012329101562,0.3026995360851288
1312,373.208740234375,366.9220275878906,58.21319580078125,148.91534423828125,0.6437680721282959
1313,362.688232421875,346.6401824951172,37.2391357421875,132.37478637695312,0.5555731654167175
1314,353.9850616455078,338.6616973876953,37.298248291015625,141.18490600585938,0.7041371464729309
1315,354.2712860107422,328.00840759277344,50.430816650390625,146.08486938476562,0.6550523042678833
1316,337.6828155517578,305.9260787963867,34.053680419921875,128.2555694580078,0.5435335636138916
1317,345.505126953125,300.97704315185547,37.6488037109375,138.58973693847656,0.780702531337738
1318,324.23182678222656,286.2042922973633,51.304290771484375,134.5657196044922,0.7359838485717773
1319,316.8808135986328,275.5058135986328,50.899322509765625,134.42471313476562,0.7623078227043152
1320,311.0914001464844,269.8380126953125,44.65386962890625,138.845703125,0.6972050666809082
1321,308.6574249267578,254.75540161132812,40.648040771484375,130.173095703125,0.7378684878349304
1322,298.123046875,245.9431915283203,42.46337890625,127.68130493164062,0.5097895860671997
1323,279.9835891723633,239.59909057617188,50.56785583496094,127.99267578125,0.8002139925956726
1324,272.2533721923828,224.439208984375,47.047943115234375,121.0084228515625,0.7544276118278503
1325,264.3332977294922,221.81631469726562,45.713775634765625,127.71484375,0.8120097517967224
1326,256.5995101928711,215.11373901367188,43.68421936035156,128.543212890625,0.6241710782051086
1327,255.293701171875,201.2245635986328,31.48150634765625,113.91781616210938,0.6988690495491028
1328,231.23629760742188,198.02410888671875,53.43450927734375,119.31170654296875,0.6215807795524597
1329,223.9071044921875,191.6072540283203,46.539947509765625,115.39047241210938,0.8224521279335022
1330,210.040771484375,184.26102447509766,41.465087890625,118.14045715332031,0.7481480240821838
1331,203.7799072265625,180.2763671875,43.527923583984375,121.84823608398438,0.8119152188301086
1332,196.86933135986328,171.50412368774414,38.61738586425781,113.0555648803711,0.7562103271484375
1333,177.10049438476562,167.45720672607422,41.968994140625,105.97261047363281,0.7850730419158936
1334,171.45935821533203,163.31291580200195,49.95845031738281,107.63042449951172,0.8737995028495789
1335,166.39532470703125,159.69964599609375,44.30615234375,108.7569580078125,0.7944700717926025
1336,157.7825698852539,155.91149520874023,43.05766296386719,115.7969741821289,0.8484412431716919
1337,154.69791412353516,154.1008644104004,41.83158874511719,117.4018783569336,0.8978554010391235
1338,154.5929183959961,151.0813751220703,38.86186218261719,118.44818115234375,0.8573854565620422
1339,153.18282318115234,146.38396453857422,38.67283630371094,117.89179992675781,0.8570506572723389
1340,152.0706787109375,136.3403205871582,36.67596435546875,109.2339096069336,0.8844670057296753
1341,151.2195587158203,136.20568466186523,35.604095458984375,113.6636734008789,0.8548601269721985
1342,149.33541107177734,128.44025421142578,35.40989685058594,109.70039367675781,0.8777830004692078
1343,150.50579833984375,121.52828216552734,34.614776611328125,106.45155334472656,0.8489688038825989
1344,153.5274887084961,118.98796081542969,34.58628845214844,108.23690795898438,0.8329561352729797
1345,156.2009735107422,112.37904167175293,30.757659912109375,105.27417373657227,0.7936968207359314
1346,,,,,0.0
1347,156.48633575439453,101.71261215209961,29.828170776367188,106.8805923461914,0.6729068756103516
1348,156.8159408569336,92.31988334655762,29.360153198242188,98.72082901000977,0.44745340943336487
1349,,,,,0.0
1350,156.7660675048828,85.11432647705078,27.939453125,98.70948791503906,0.4210383892059326
1351,,,,,0.0
1352,163.96749877929688,99.90560150146484,9.140380859375,37.5792236328125,0.3569115400314331
1353,,,,,0.0
1354,,,,,0.0
1355,,,,,0.0
1356,,,,,0.0
1357,,,,,0.0
1358,,,,,0.0
1359,,,,,0.0
1360,,,,,0.0
1361,,,,,0.0
1362,,,,,0.0
1363,,,,,0.0
1364,,,,,0.0
1365,,,,,0.0
1366,,,,,0.0
1367,,,,,0.0
1368,,,,,0.0
1369,,,,,0.0
1370,,,,,0.0
1371,,,,,0.0
1372,,,,,0.0
1373,,,,,0.0
1374,,,,,0.0
1375,327.7840881347656,467.9834289550781,62.32586669921875,88.03314208984375,0.266586571931839
1376,300.0702667236328,451.7161102294922,56.170684814453125,120.27999877929688,0.6028842329978943
1377,303.27978515625,440.5754852294922,52.9853515625,141.12423706054688,0.6419982314109802
1378,307.9534149169922,419.3478088378906,58.520721435546875,161.94952392578125,0.591392993927002
1379,312.587646484375,393.0763854980469,61.6197509765625,158.16949462890625,0.7470774054527283
1380,317.4272918701172,377.2141876220703,71.22079467773438,165.27328491210938,0.7985090017318726
1381,328.864990234375,342.6633758544922,43.958984375,145.52462768554688,0.7183013558387756
1382,313.0557556152344,332.6974105834961,68.73388671875,155.58680725097656,0.49100860953330994
1383,304.1759796142578,311.308837890625,44.732513427734375,154.57513427734375,0.523071825504303
1384,324.3043975830078,287.6667938232422,53.808685302734375,150.00613403320312,0.5277997255325317
1385,311.938232421875,278.9121780395508,63.2305908203125,152.08103942871094,0.7815149426460266
1386,320.5755157470703,255.56781005859375,35.159393310546875,141.62042236328125,0.706836462020874
1387,304.5516815185547,242.32567596435547,59.239837646484375,141.5309600830078,0.6885595321655273
1388,297.3302917480469,231.3489227294922,47.94134521484375,142.82864379882812,0.7463275790214539
1389,293.1035614013672,209.90229034423828,38.895721435546875,124.82804870605469,0.6851702928543091
1390,295.77537536621094,206.98306274414062,50.717193603515625,139.84722900390625,0.7250713109970093
1391,304.67578125,194.8111343383789,34.4488525390625,133.4646453857422,0.793997585773468
1392,302.71351623535156,176.18609619140625,32.275299072265625,117.32223510742188,0.7983358502388
1393,297.4677734375,174.1558074951172,43.185302734375,125.90902709960938,0.6962817311286926
1394,305.03770446777344,160.54953384399414,33.079681396484375,111.57396697998047,0.8042703866958618
1395,305.41552734375,156.74658203125,37.69598388671875,118.35546875,0.7420021295547485
1396,301.87913513183594,153.87795639038086,39.675140380859375,123.3375015258789,0.8249598741531372
1397,301.1354064941406,149.62297439575195,34.43182373046875,126.1031723022461,0.8205882906913757
1398,301.2458953857422,139.2702293395996,36.649627685546875,117.65320587158203,0.8172234892845154
1399,302.1366729736328,139.14453125,35.800994873046875,118.52764892578125,0.8260639309883118
1400,302.5771942138672,137.96223068237305,36.446380615234375,117.05191802978516,0.7994400262832642
1401,301.23817443847656,137.5431137084961,37.321441650390625,117.72743225097656,0.760096549987793
1402,297.4416809082031,136.26704025268555,43.75213623046875,118.11698150634766,0.7770869731903076
1403,296.65586853027344,134.51720428466797,42.401519775390625,120.03462219238281,0.8010159134864807
1404,295.116455078125,131.68581771850586,36.20086669921875,120.31156158447266,0.8299490809440613
1405,293.12353515625,129.27214431762695,32.8714599609375,121.18901824951172,0.8232054114341736
1406,292.686279296875,121.8106689453125,31.11444091796875,111.52774047851562,0.8055996298789978
1407,293.05760192871094,121.00958251953125,30.986419677734375,113.318115234375,0.7870097160339355
1408,459.4632263183594,456.7366180419922,70.04217529296875,110.52676391601562,0.5940664410591125
1409,459.1342315673828,445.12078857421875,61.677032470703125,128.71630859375,0.6286360621452332
1410,66.25708389282227,385.31939697265625,56.399314880371094,167.08984375,0.6457468271255493
1411,441.548095703125,415.0322723388672,51.5799560546875,142.30838012695312,0.6488777995109558
1412,276.59217834472656,96.20941543579102,37.899810791015625,113.05928802490234,0.6428901553153992
1413,119.8629150390625,323.5177307128906,52.73095703125,130.52349853515625,0.6265960931777954
1414,434.86192321777344,357.1701202392578,54.489837646484375,123.61953735351562,0.4911121428012848
1415,152.3885612487793,294.33545684814453,59.979713439941406,139.11875915527344,0.7196129560470581
1416,414.09999084472656,328.8495330810547,43.547271728515625,127.66732788085938,0.6394502520561218
1417,192.3072509765625,263.4924774169922,59.099761962890625,126.04013061523438,0.7190532684326172
1418,395.0736846923828,295.014404296875,38.699981689453125,119.41845703125,0.5326206684112549
1419,389.7422332763672,282.34901428222656,40.966888427734375,116.49227905273438,0.5410412549972534
1420,224.0483169555664,232.10753631591797,56.17344665527344,136.12928771972656,0.7701328992843628
1421,237.76929473876953,210.92395782470703,42.94688415527344,118.02232360839844,0.7769556641578674
1422,203.1889419555664,183.2941665649414,31.892044067382812,124.13325500488281,0.8256388306617737
1423,194.74616241455078,197.1264190673828,36.48335266113281,130.80831909179688,0.8218815326690674
1424,345.6475524902344,227.69541931152344,42.42919921875,117.16824340820312,0.8236228823661804
1425,246.8603744506836,177.1258773803711,46.93354797363281,120.51649475097656,0.8659562468528748
1426,239.5444793701172,161.2407989501953,41.697845458984375,111.354736328125,0.8377261161804199
1427,234.4412078857422,156.10629272460938,45.674896240234375,115.86709594726562,0.8412846326828003
1428,234.66488647460938,148.9580955505371,43.119140625,113.40442657470703,0.7665764689445496
1429,235.437744140625,142.70602798461914,39.60791015625,109.25939178466797,0.8279666900634766
1430,297.46934509277344,173.6255340576172,37.661041259765625,106.47714233398438,0.8162664771080017
1431,232.0027847290039,141.90747833251953,35.97148132324219,110.08000183105469,0.7922520041465759
1432,266.2237014770508,310.9996109008789,58.29856872558594,122.48075866699219,0.8333077430725098
1433,227.8271713256836,134.33515548706055,40.03990173339844,113.88724517822266,0.7887109518051147
1434,280.8306884765625,152.3018798828125,45.52642822265625,103.03469848632812,0.7010821104049683
1435,217.98566436767578,125.30419158935547,51.28276062011719,112.54743957519531,0.710718035697937
1436,278.2376937866211,140.0759391784668,44.69081115722656,96.4579849243164,0.689100980758667
1437,277.22332763671875,149.36900329589844,41.1611328125,120.49240112304688,0.6937705874443054
1438,491.86561584472656,272.3878402709961,39.967193603515625,123.89979553222656,0.7663131952285767
1439,492.49932861328125,291.0392608642578,38.66015625,131.23873901367188,0.7998737692832947
1440,243.33067321777344,198.20782470703125,44.652252197265625,114.72952270507812,0.842142641544342
1441,241.7041473388672,186.8193359375,46.795806884765625,114.558837890625,0.7894735336303711
1442,245.86699676513672,144.4767074584961,61.68312072753906,147.90220642089844,0.6984627842903137
1443,491.31358337402344,349.75926208496094,41.187103271484375,138.41879272460938,0.6011096239089966
1444,236.6248016357422,131.8192958831787,48.004486083984375,137.55665969848633,0.7123013734817505
1445,238.94883728027344,124.15809631347656,45.660552978515625,144.36795043945312,0.6917327046394348
1446,236.6566925048828,117.21129989624023,44.901458740234375,134.35968780517578,0.7662094831466675
1447,233.77635955810547,112.33596611022949,51.85633850097656,137.03793716430664,0.648850679397583
1448,235.83794403076172,107.79120254516602,40.94306945800781,135.54680633544922,0.7348225712776184
1449,232.5307159423828,106.04685401916504,37.381988525390625,98.87022018432617,0.5471800565719604
1450,228.3087387084961,105.34259033203125,37.26573181152344,99.7159423828125,0.5534683465957642
1451,226.5887908935547,93.39526557922363,35.854156494140625,91.59087753295898,0.6344276070594788
1452,307.9829559326172,460.3919219970703,62.920562744140625,103.21615600585938,0.5984442234039307
1453,303.12567138671875,450.0509796142578,58.0205078125,123.89804077148438,0.6315133571624756
1454,300.9594268798828,440.1537628173828,58.625579833984375,140.30606079101562,0.6092281341552734
1455,301.69976806640625,432.14512634277344,57.79150390625,153.97732543945312,0.7430527806282043
1456,303.9730987548828,408.4795379638672,58.462615966796875,143.83975219726562,0.6475796103477478
1457,306.0671844482422,392.21612548828125,53.364654541015625,137.33154296875,0.8176721334457397
1458,301.2389221191406,385.1305389404297,56.52899169921875,146.14956665039062,0.8552559614181519
1459,297.0345764160156,367.5531005859375,54.31085205078125,142.0386962890625,0.8702500462532043
1460,294.89013671875,347.3695373535156,53.94354248046875,126.75750732421875,0.8905619978904724
1461,294.131103515625,342.3373565673828,54.4844970703125,139.39364624023438,0.8779188990592957
1462,298.15380859375,330.49798583984375,48.5997314453125,141.69970703125,0.8490820527076721
1463,299.15673828125,309.7357940673828,46.2200927734375,125.47128295898438,0.8690062165260315
1464,294.8756561279297,305.1215362548828,50.337921142578125,133.76925659179688,0.8938608765602112
1465,290.8347625732422,292.5366439819336,48.440704345703125,133.7924346923828,0.8905833959579468
1466,288.32073974609375,274.8003387451172,47.739013671875,120.55062866210938,0.8925945162773132
1467,287.517578125,271.86231994628906,48.97247314453125,130.00033569335938,0.8528369069099426
1468,289.4370574951172,261.4949722290039,47.519134521484375,130.73936462402344,0.8631471991539001
1469,290.1726531982422,242.82112884521484,45.549957275390625,116.03193664550781,0.8814571499824524
1470,289.08665466308594,239.72442626953125,46.924957275390625,124.95068359375,0.8746603727340698
1471,286.7740173339844,232.3516616821289,44.85479736328125,130.53904724121094,0.9034333229064941
1472,286.0029296875,214.51787567138672,43.29644775390625,112.52461242675781,0.9114404320716858
1473,285.9970703125,211.28823852539062,43.2735595703125,119.17462158203125,0.8813153505325317
1474,287.7808532714844,204.42493438720703,42.70489501953125,119.02769470214844,0.8878257274627686
1475,290.4562683105469,189.3744125366211,37.79876708984375,107.70072937011719,0.8891112208366394
1476,288.4230499267578,186.58672332763672,39.432342529296875,113.62324523925781,0.8876330256462097
1477,286.6928253173828,181.3731689453125,38.719879150390625,113.93832397460938,0.8948099613189697
1478,283.5840148925781,168.66260147094727,35.65081787109375,105.94438934326172,0.8815582990646362
1479,283.0951690673828,162.09649658203125,32.768951416015625,103.67263793945312,0.8369607925415039
1480,284.6918029785156,162.04885482788086,36.796630859375,111.7601089477539,0.7505659461021423
1481,280.6977996826172,154.9813461303711,44.001861572265625,111.65702819824219,0.7956175804138184
1482,281.2222137451172,149.62868118286133,26.386993408203125,105.50200653076172,0.7982085943222046
1483,281.72021484375,144.73813247680664,27.9864501953125,99.60039520263672,0.8421533107757568
1484,282.22576904296875,144.6338005065918,28.892578125,98.8868179321289,0.8143424391746521
1485,282.7046356201172,145.36955642700195,28.104278564453125,100.3304672241211,0.8048979043960571
1486,281.0475311279297,144.66600799560547,28.362457275390625,100.24568176269531,0.7643870115280151
1487,280.3755645751953,145.22870635986328,26.813568115234375,99.72758483886719,0.6870403289794922
1488,279.490234375,146.45839309692383,27.5634765625,99.7645492553711,0.6943763494491577
1489,277.5332489013672,143.9686279296875,30.543548583984375,104.742919921875,0.6154540777206421
1490,274.649169921875,140.60986328125,35.3726806640625,108.642822265625,0.6992725133895874
1491,282.2115936279297,134.3156509399414,27.734405517578125,97.27033996582031,0.6812573671340942
1492,270.1445999145508,131.53232192993164,37.28123474121094,102.21154022216797,0.7622341513633728
1493,257.7872543334961,131.57964324951172,47.00331115722656,99.68397521972656,0.7845219373703003
1494,,,,,0.0
1495,259.75,107.05407333374023,9.50775146484375,34.082374572753906,0.39608073234558105
1496,,,,,0.0
1497,,,,,0.0
1498,,,,,0.0
1499,,,,,0.0
1500,,,,,0.0
1501,74.0379753112793,433.69598388671875,54.18964385986328,155.8203125,0.6317457556724548
1502,83.60324478149414,421.4099578857422,59.985130310058594,177.20889282226562,0.4179956614971161
1503,108.28255462646484,388.232177734375,61.04460144042969,141.53399658203125,0.6001518368721008
1504,120.7066879272461,372.6682891845703,59.53327941894531,148.11868286132812,0.7481705546379089
1505,134.95583724975586,345.3480987548828,53.77979278564453,133.02481079101562,0.7774408459663391
1506,141.34395599365234,334.3818817138672,64.16804504394531,145.35250854492188,0.8457005620002747
1507,158.9165802001953,312.1250915527344,51.861328125,133.62811279296875,0.8535432815551758
1508,171.67381286621094,296.1567840576172,49.672271728515625,131.65176391601562,0.8249220848083496
1509,180.86003875732422,286.9962463378906,52.52372741699219,136.39971923828125,0.805911123752594
1510,194.2685775756836,264.7711944580078,46.24409484863281,119.38217163085938,0.8483549356460571
1511,197.5647430419922,257.25435638427734,56.270355224609375,130.71083068847656,0.8486911654472351
1512,209.5064926147461,242.2374038696289,50.43641662597656,131.4084930419922,0.885511040687561
1513,218.27059936523438,224.21014404296875,43.586181640625,115.73565673828125,0.8542402982711792
1514,224.2366485595703,221.1962890625,42.989837646484375,125.7955322265625,0.8448264598846436
1515,231.76923370361328,205.9349136352539,43.65693664550781,123.34556579589844,0.8208051323890686
1516,238.07496643066406,196.20377349853516,39.029144287109375,119.64640808105469,0.8232215046882629
1517,242.2890625,190.12200164794922,38.28863525390625,118.79902648925781,0.8812370300292969
1518,270.2274398803711,388.384033203125,53.71406555175781,166.3271484375,0.837977409362793
1519,247.59634399414062,168.72327423095703,39.28839111328125,113.86149597167969,0.8505552411079407
1520,254.63819122314453,337.9416046142578,61.68077087402344,136.02792358398438,0.7545415163040161
1521,252.13544464111328,151.20244216918945,35.42094421386719,103.90984344482422,0.8369607329368591
1522,252.02899932861328,146.9014663696289,35.12480163574219,100.73310852050781,0.8548875451087952
1523,246.9897003173828,143.71954345703125,35.773529052734375,97.7279052734375,0.8319417238235474
1524,257.7603454589844,290.381103515625,55.45428466796875,153.52734375,0.8376007676124573
1525,252.4917449951172,275.4785842895508,57.675872802734375,152.9036102294922,0.8522589802742004
1526,250.99213409423828,254.32872009277344,54.93876647949219,132.37948608398438,0.8147708177566528
1527,237.8739013671875,136.46897506713867,31.69744873046875,107.9324722290039,0.8305973410606384
1528,234.7439956665039,134.4703140258789,33.77070617675781,111.06336975097656,0.8868169188499451
1529,233.4033660888672,125.49777221679688,36.704010009765625,108.11376953125,0.8974156379699707
1530,256.23046875,216.9063262939453,50.3154296875,141.01437377929688,0.888181209564209
1531,251.6053237915039,206.11538696289062,47.74565124511719,140.4720458984375,0.8366410136222839
1532,247.76454162597656,187.56555557250977,47.124114990234375,125.59844207763672,0.8929006457328796
1533,245.9856948852539,184.90233993530273,45.62480163574219,131.40985870361328,0.8816561102867126
1534,245.97972106933594,175.6332550048828,43.582916259765625,133.9462890625,0.8177410960197449
1535,267.5688018798828,301.2406692504883,59.296783447265625,135.27928161621094,0.8743435740470886
1536,262.6966018676758,282.7128448486328,50.29154968261719,129.60018920898438,0.8115259408950806
1537,260.1555709838867,276.7406692504883,44.66035461425781,137.23045349121094,0.7912473082542419
1538,259.1366653442383,258.9516296386719,45.56297302246094,132.651611328125,0.8366134762763977
1539,149.0284423828125,452.4124450683594,65.69833374023438,117.66424560546875,0.6797537207603455
1540,254.1240692138672,235.85443115234375,40.142852783203125,131.53839111328125,0.7493802309036255
1541,250.58639526367188,215.96466064453125,43.45452880859375,116.80029296875,0.8816477656364441
1542,248.8656997680664,210.0403823852539,42.59873962402344,125.11222839355469,0.8570433259010315
1543,248.421630859375,201.1436309814453,39.4091796875,124.38003540039062,0.7769965529441833
1544,299.42828369140625,391.52622985839844,67.53955078125,165.87167358398438,0.7857733368873596
1545,300.0244140625,359.9356384277344,64.7049560546875,144.54443359375,0.7764255404472351
1546,237.0606460571289,169.71746826171875,35.85664367675781,114.63204956054688,0.8416153788566589
1547,236.30728149414062,160.38566970825195,38.06884765625,100.86260223388672,0.8500497341156006
1548,237.0413589477539,154.31281661987305,39.91435241699219,113.93451690673828,0.876229465007782
1549,238.75591278076172,142.6852912902832,36.47285461425781,102.1502914428711,0.855187177658081
1550,239.810302734375,139.0238800048828,37.60595703125,104.47793579101562,0.8692537546157837
1551,238.28046417236328,138.8370819091797,39.77714538574219,104.520751953125,0.8863008618354797
1552,237.1361846923828,138.8134307861328,39.258880615234375,105.53921508789062,0.8906264305114746
1553,235.2886734008789,138.4543571472168,40.78349304199219,106.53107452392578,0.8467944264411926
1554,281.7665100097656,235.5692596435547,55.5009765625,141.33383178710938,0.8321648836135864
1555,278.9591827392578,225.2048568725586,54.486236572265625,140.8068389892578,0.8303189873695374
1556,281.238037109375,205.6815414428711,44.6767578125,127.12318420410156,0.8020532131195068
1557,270.1592025756836,200.58384704589844,52.12617492675781,136.51651000976562,0.8013361692428589
1558,262.3186950683594,190.27548599243164,50.28857421875,135.96874237060547,0.8600064516067505
1559,256.1318359375,174.2531394958496,48.55780029296875,121.5517349243164,0.8468265533447266
1560,251.2796173095703,171.18185806274414,47.001434326171875,129.85692596435547,0.820932924747467
1561,247.3896484375,161.176513671875,47.017822265625,129.46279907226562,0.8479040265083313
1562,243.7502899169922,148.9372444152832,43.634185791015625,123.2468490600586,0.8124583959579468
1563,236.06938934326172,142.74072647094727,43.34980773925781,125.47686004638672,0.8378084897994995
1564,231.2361831665039,131.7540626525879,43.12440490722656,117.56822967529297,0.8190303444862366
1565,422.5581970214844,328.7859802246094,51.54473876953125,138.01953125,0.8565970063209534
1566,228.4168472290039,121.21020889282227,41.79283142089844,120.48723602294922,0.8378591537475586
1567,228.65947723388672,107.41366195678711,42.03096008300781,113.26294708251953,0.8266987204551697
1568,227.20303344726562,105.23238754272461,40.6259765625,116.60950469970703,0.875143826007843
1569,224.4319839477539,95.94628715515137,44.46089172363281,112.56869888305664,0.8134015798568726
1570,365.9581298828125,246.6809539794922,35.2452392578125,126.45462036132812,0.822903037071228
1571,343.5799560546875,236.2306137084961,50.55023193359375,128.9391632080078,0.8167725801467896
1572,337.3108215332031,214.49614715576172,42.18609619140625,116.12818908691406,0.796916663646698
1573,327.1559600830078,211.1598129272461,43.817474365234375,124.78144836425781,0.8313378691673279
1574,317.60609436035156,199.14004516601562,40.419830322265625,124.0130615234375,0.8067215085029602
1575,310.5501708984375,184.99238204956055,35.47998046875,114.77045440673828,0.8255173563957214
1576,294.908203125,179.43572235107422,40.0570068359375,120.61006164550781,0.8060428500175476
1577,287.85316467285156,165.39564514160156,34.675384521484375,112.3531494140625,0.8739073872566223
1578,282.324951171875,159.47932052612305,34.55322265625,113.9151382446289,0.847195565700531
1579,278.7696533203125,157.04092025756836,33.7386474609375,119.16141510009766,0.7821337580680847
1580,276.677978515625,146.73248672485352,31.086669921875,109.96038055419922,0.7653422355651855
1581,275.2478485107422,143.6501350402832,33.233001708984375,110.9171371459961,0.8027958273887634
1582,275.3401336669922,142.92013931274414,32.792877197265625,113.95433807373047,0.8459538817405701
1583,275.41786193847656,142.11455535888672,32.280670166015625,112.00703430175781,0.8332134485244751
1584,275.5727996826172,139.97491455078125,31.440216064453125,112.83627319335938,0.8036099076271057
1585,276.0292510986328,139.17463302612305,29.048919677734375,115.68573760986328,0.8478317260742188
1586,271.91636657714844,131.9509506225586,30.063873291015625,109.43324279785156,0.8113900423049927
1587,269.401123046875,124.70478439331055,28.58221435546875,105.9247817993164,0.8747808933258057
1588,267.4607925415039,121.9787368774414,26.417587280273438,109.55442810058594,0.8116073608398438
1589,267.1056671142578,119.14750671386719,24.049530029296875,111.63265991210938,0.5100926756858826
1590,265.9188995361328,112.35812759399414,20.347869873046875,112.23067474365234,0.32340091466903687
1591,,,,,0.0
1592,,,,,0.0
1593,,,,,0.0
1594,,,,,0.0
1595,,,,,0.0
1596,,,,,0.0
1597,,,,,0.0
1598,,,,,0.0
1599,,,,,0.0
1600,,,,,0.0
1601,,,,,0.0
1602,,,,,0.0
1603,,,,,0.0
1604,,,,,0.0
1605,,,,,0.0
1606,,,,,0.0
1607,,,,,0.0
1608,,,,,0.0
1609,,,,,0.0
1610,,,,,0.0
1611,,,,,0.0
1612,,,,,0.0
1613,,,,,0.0
1614,,,,,0.0
1615,,,,,0.0
1616,,,,,0.0
1617,,,,,0.0
1618,478.84521484375,186.1370391845703,65.7691650390625,302.7240295410156,0.2868492305278778
1619,,,,,0.0
1620,,,,,0.0
1621,497.4368133544922,242.33080291748047,28.644134521484375,124.66493225097656,0.689168393611908
1622,474.12109375,185.91997718811035,74.9422607421875,266.9648551940918,0.3424331843852997
1623,,,,,0.0
1624,,,,,0.0
1625,,,,,0.0
1626,,,,,0.0
1627,,,,,0.0
1628,,,,,0.0
1629,,,,,0.0
1630,475.8363342285156,449.2770080566406,36.15545654296875,100.00750732421875,0.5266801118850708
1631,455.83837890625,432.4268341064453,35.25799560546875,106.63302612304688,0.5754625201225281
1632,444.4441375732422,400.28961181640625,31.773223876953125,89.92529296875,0.6087659001350403
1633,445.4871063232422,372.3866729736328,45.581939697265625,130.53457641601562,0.5795546770095825
1634,415.6553649902344,371.3046875,41.04962158203125,105.951171875,0.7386173009872437
1635,406.1081085205078,343.69618225097656,24.980072021484375,94.82510375976562,0.7963003516197205
1636,393.3179016113281,334.38600158691406,26.460205078125,105.82699584960938,0.7380947470664978
1637,385.4186248779297,310.36805725097656,24.547576904296875,99.47842407226562,0.7552139163017273
1638,392.0590362548828,280.4717254638672,37.353424072265625,118.64724731445312,0.6128453612327576
1639,367.3269958496094,272.16968536376953,43.66943359375,128.32041931152344,0.7751402258872986
1640,357.8755798339844,253.83139038085938,30.59228515625,101.47821044921875,0.5553386211395264
1641,344.6608428955078,253.8802947998047,28.301544189453125,94.97073364257812,0.7099740505218506
1642,334.1913604736328,231.70650482177734,24.896575927734375,79.44648742675781,0.5709674954414368
1643,328.0060119628906,221.00634765625,31.31402587890625,87.664794921875,0.5879923701286316
1644,327.0660400390625,206.65818786621094,42.8648681640625,115.82608032226562,0.5919352173805237
1645,309.58489990234375,190.47705841064453,35.927734375,111.74089050292969,0.7249659895896912
1646,296.9618682861328,189.38002014160156,26.605865478515625,86.83425903320312,0.6783089637756348
1647,329.07044982910156,429.3783721923828,54.924224853515625,146.21475219726562,0.8042943477630615
1648,324.2396545410156,402.53477478027344,50.38214111328125,132.11953735351562,0.8137068152427673
1649,285.21043395996094,149.97912979125977,35.825103759765625,104.01830291748047,0.8816050887107849
1650,280.0227966308594,146.89199447631836,34.19757080078125,105.3780288696289,0.8527289032936096
1651,276.71771240234375,146.794677734375,35.267822265625,111.07611083984375,0.8032071590423584
1652,275.8399658203125,141.87693786621094,33.479736328125,111.62155151367188,0.8217374086380005
1653,316.0078582763672,327.1713409423828,42.369537353515625,124.26699829101562,0.8187268376350403
1654,313.46343994140625,317.3266143798828,43.91796875,139.47402954101562,0.8124932050704956
1655,313.0179138183594,292.0497589111328,43.09521484375,117.23153686523438,0.8564714193344116
1656,313.3407440185547,287.5705032348633,42.710296630859375,130.17478942871094,0.7874904274940491
1657,263.3240737915039,296.0324249267578,45.44560241699219,127.07675170898438,0.7929038405418396
1658,317.09263610839844,256.3435821533203,41.022857666015625,116.91976928710938,0.8760458827018738
1659,316.7060546875,250.0141830444336,38.86297607421875,122.23329162597656,0.8449915647506714
1660,316.5341339111328,229.37069702148438,41.139862060546875,105.30242919921875,0.8081205487251282
1661,266.98181915283203,235.1938018798828,38.71275329589844,100.26986694335938,0.7627241611480713
1662,320.20111083984375,216.87771606445312,42.89892578125,121.673095703125,0.8278917074203491
1663,319.60009765625,202.66535186767578,39.50909423828125,114.48051452636719,0.859623908996582
1664,314.1213073730469,193.5811538696289,36.62237548828125,115.51582336425781,0.8346759080886841
1665,310.1741485595703,176.19677734375,35.173370361328125,103.03012084960938,0.8260802626609802
1666,305.5666046142578,173.244140625,38.650787353515625,109.85342407226562,0.8407274484634399
1667,302.46128845214844,164.2571258544922,32.565826416015625,109.864013671875,0.7644606828689575
1668,278.6291961669922,174.7408447265625,37.067596435546875,104.54409790039062,0.7259142994880676
1669,280.7960662841797,173.72927474975586,36.128326416015625,113.51148223876953,0.7976290583610535
1670,280.7512512207031,156.9033432006836,40.346435546875,139.6112823486328,0.7546361684799194
1671,279.8867950439453,148.78921127319336,39.070159912109375,132.17066192626953,0.800963282585144
1672,280.46527099609375,144.91851425170898,40.283203125,128.71955108642578,0.8111633062362671
1673,282.229248046875,143.78606414794922,43.6915283203125,127.91255187988281,0.7889070510864258
1674,283.8061065673828,134.4363021850586,39.643463134765625,113.22773742675781,0.7406430840492249
1675,283.4764099121094,134.10708236694336,42.44793701171875,127.89917755126953,0.7763827443122864
1676,98.35760879516602,375.48707580566406,44.806190490722656,140.85806274414062,0.7505792379379272
1677,252.21143341064453,388.773193359375,62.11973571777344,156.17529296875,0.8914724588394165
1678,273.750244140625,119.38715934753418,37.54864501953125,131.86011123657227,0.8317891955375671
1679,271.8615417480469,116.79970359802246,32.329833984375,133.57173538208008,0.7927559614181519
1680,144.6244125366211,317.4439392089844,58.58027648925781,143.745361328125,0.8310785889625549
1681,322.46546936035156,310.378662109375,47.337493896484375,130.37908935546875,0.8222551345825195
1682,166.99322509765625,293.1298294067383,60.65948486328125,149.48631286621094,0.8256855607032776
1683,325.0792999267578,279.2053985595703,40.799591064453125,124.56851196289062,0.7787865400314331
1684,115.20611572265625,253.9404296875,54.071685791015625,129.83892822265625,0.8152154088020325
1685,322.5561065673828,251.314208984375,43.478607177734375,122.25927734375,0.8274474740028381
1686,131.27471923828125,241.29656982421875,58.161285400390625,142.38751220703125,0.8287224769592285
1687,327.4365234375,222.58432006835938,42.29217529296875,106.85711669921875,0.7888318300247192
1688,212.9516830444336,219.0350799560547,53.73887634277344,137.91677856445312,0.842051088809967
1689,328.4203186035156,206.7538604736328,38.18719482421875,121.43563842773438,0.8150410652160645
1690,152.19636154174805,186.610107421875,50.69550323486328,126.33999633789062,0.8706786036491394
1691,233.8393096923828,183.7969207763672,46.654693603515625,121.1630859375,0.8386403918266296
1692,147.37987518310547,174.55952072143555,47.65657043457031,131.7398452758789,0.858613133430481
1693,238.7415542602539,169.96906661987305,45.83726501464844,126.0633316040039,0.8796771168708801
1694,145.0920181274414,153.6839599609375,44.18672180175781,119.87753295898438,0.8835974931716919
1695,146.70473861694336,151.5673370361328,41.261573791503906,123.30859375,0.8747263550758362
1696,238.7858428955078,148.46761322021484,41.084564208984375,116.74690246582031,0.8295786380767822
1697,240.17559051513672,146.93138122558594,40.41816711425781,121.6373291015625,0.8462207913398743
1698,241.05038452148438,141.0576400756836,41.34539794921875,117.10896301269531,0.854367733001709
1699,329.9618682861328,422.8206024169922,74.45077514648438,178.35879516601562,0.8657691478729248
1700,333.4434814453125,404.5535125732422,80.4989013671875,189.14852905273438,0.8622585535049438
1701,236.0335235595703,129.81575775146484,40.987701416015625,115.10993957519531,0.8706806302070618
1702,232.18022918701172,122.0676040649414,42.90605163574219,114.98362731933594,0.8185996413230896
1703,230.4775390625,119.33893966674805,38.22705078125,117.64130401611328,0.8206100463867188
1704,227.0943832397461,113.08027267456055,35.34120178222656,114.6471939086914,0.8038562536239624
1705,262.5594940185547,132.09859466552734,40.079986572265625,108.60408020019531,0.6892722845077515
1706,257.8329544067383,129.1144790649414,34.29032897949219,110.99534606933594,0.7862715125083923
1707,316.6288146972656,350.4174346923828,65.0810546875,159.90048217773438,0.6963731646537781
1708,316.1556091308594,233.9225311279297,56.43572998046875,111.35629272460938,0.6417253613471985
1709,135.531494140625,194.57050323486328,41.314056396484375,124.89036560058594,0.6648271679878235
1710,102.89630889892578,228.70474243164062,50.77388000488281,133.20428466796875,0.6322494745254517
1711,297.4042510986328,248.044189453125,59.203887939453125,232.06591796875,0.514245331287384
1712,110.26922225952148,205.75416564941406,52.52179718017578,124.58847045898438,0.5675181150436401
1713,117.4953727722168,195.45833587646484,49.930641174316406,116.95808410644531,0.7729550004005432
1714,306.2659606933594,440.1651916503906,77.85333251953125,143.66961669921875,0.7692422270774841
1715,291.2470397949219,226.68685913085938,57.84783935546875,130.27996826171875,0.8418812155723572
1716,307.6884307861328,419.806884765625,73.36300659179688,184.38623046875,0.7964019775390625
1717,308.2746276855469,403.51904296875,67.20611572265625,191.927734375,0.8805888891220093
1718,219.07051849365234,107.2157974243164,32.44285583496094,106.70954895019531,0.804245114326477
1719,290.7089538574219,170.70884704589844,48.42523193359375,114.30953979492188,0.8348192572593689
1720,253.46694946289062,123.51348114013672,40.81719970703125,120.45634460449219,0.8641112446784973
1721,281.4575653076172,160.5153045654297,51.189727783203125,126.75424194335938,0.8925445675849915
1722,278.5064697265625,142.2837142944336,47.69830322265625,116.23524475097656,0.8634617924690247
1723,293.46484375,285.8859100341797,57.6478271484375,136.48489379882812,0.862957239151001
1724,286.11517333984375,275.2016372680664,58.115478515625,146.6885223388672,0.8067877888679504
1725,281.5710754394531,253.44810485839844,60.15631103515625,127.83169555664062,0.7949591875076294
1726,116.91796875,229.0308609008789,48.05975341796875,139.32432556152344,0.8380356431007385
1727,258.5899429321289,101.9951400756836,36.30497741699219,107.48320007324219,0.790057361125946
1728,280.5077667236328,213.2465362548828,58.658782958984375,116.44064331054688,0.8964086174964905
1729,135.36606216430664,185.47807693481445,52.06627655029297,126.7230453491211,0.8002857565879822
1730,277.3480987548828,187.1103286743164,44.466278076171875,104.27061462402344,0.8160865306854248
1731,275.5191192626953,180.28486251831055,45.772857666015625,110.61396026611328,0.791277289390564
1732,296.4678955078125,230.4097900390625,52.2467041015625,136.59466552734375,0.7847238183021545
1733,253.9116668701172,291.9349060058594,52.016387939453125,143.80584716796875,0.8045041561126709
1734,277.333984375,162.9766845703125,43.28936767578125,130.143798828125,0.8142829537391663
1735,220.4497299194336,258.1171417236328,57.56840515136719,143.59262084960938,0.8566613793373108
1736,205.1475830078125,237.68785095214844,63.025543212890625,143.36514282226562,0.8538559675216675
1737,195.595703125,227.25161743164062,54.373626708984375,145.232177734375,0.8689418435096741
1738,184.76126861572266,199.28810119628906,45.64582824707031,128.39340209960938,0.8734512329101562
1739,171.71104431152344,193.04656219482422,49.081451416015625,131.70851135253906,0.8735780119895935
1740,289.5496063232422,150.7123680114746,43.771881103515625,115.9064712524414,0.8617345094680786
1741,290.9775085449219,137.5496063232422,36.34271240234375,108.44613647460938,0.7758064866065979
1742,151.9204330444336,157.9754867553711,31.451705932617188,118.17079162597656,0.7455256581306458
1743,148.3466567993164,135.68437957763672,35.54121398925781,118.42802429199219,0.8377864956855774
1744,146.3202133178711,130.9039421081543,39.56166076660156,121.78620147705078,0.8700886368751526
1745,151.0862045288086,127.67030334472656,36.86357116699219,122.6248779296875,0.8468838334083557
1746,311.4580383300781,108.76314926147461,30.28814697265625,123.04920196533203,0.2866803705692291
1747,331.78099060058594,472.00518798828125,57.113922119140625,79.7041015625,0.28816428780555725
1748,329.92176818847656,459.5616912841797,49.550384521484375,104.87661743164062,0.4854860305786133
1749,442.24559020996094,402.47706604003906,66.96408081054688,142.58999633789062,0.6670975685119629
1750,305.47401428222656,437.25550842285156,73.38876342773438,149.48898315429688,0.6721542477607727
1751,431.3846130371094,376.86474609375,54.07049560546875,143.55596923828125,0.7250486016273499
1752,308.3541259765625,403.3385314941406,68.5750732421875,153.25714111328125,0.6886122822761536
1753,316.893798828125,371.2635040283203,59.77227783203125,128.50192260742188,0.646162211894989
1754,314.0053405761719,359.35801696777344,65.54486083984375,135.16152954101562,0.7595773339271545
1755,316.6622619628906,349.9480895996094,53.23992919921875,147.36358642578125,0.7498926520347595
1756,314.90257263183594,327.0852508544922,54.937652587890625,134.93350219726562,0.7591995000839233
1757,389.4878845214844,293.8003463745117,52.93731689453125,135.9806671142578,0.8263669013977051
1758,378.802978515625,282.4747009277344,53.993896484375,135.94110107421875,0.8327292203903198
1759,374.14813232421875,264.5857696533203,53.851318359375,125.01705932617188,0.7287641167640686
1760,367.6693115234375,259.4368591308594,55.10833740234375,134.112548828125,0.753372848033905
1761,364.40464782714844,250.5239028930664,53.875823974609375,136.6733856201172,0.778535008430481
1762,361.3118133544922,233.04070281982422,53.521759033203125,123.85328674316406,0.7882830500602722
1763,353.7163543701172,225.84007263183594,56.242401123046875,125.55191040039062,0.8187434673309326
1764,345.6224670410156,219.3560791015625,52.53466796875,128.77362060546875,0.8529788851737976
1765,337.65675354003906,203.49232482910156,49.180328369140625,116.40237426757812,0.8685756325721741
1766,333.4438018798828,197.56553649902344,49.613677978515625,122.55740356445312,0.8581430315971375
1767,327.9215393066406,192.6158676147461,48.91766357421875,126.40824890136719,0.8894906044006348
1768,322.6374969482422,179.1278533935547,47.085357666015625,117.96810913085938,0.9004573225975037
1769,311.01385498046875,171.975830078125,45.93310546875,115.74624633789062,0.8264821767807007
1770,303.5299835205078,172.18758392333984,47.496917724609375,118.63240051269531,0.8092250227928162
1771,295.82814025878906,161.693603515625,43.419525146484375,113.41854858398438,0.8628768920898438
1772,246.76052856445312,160.2266616821289,43.35552978515625,107.66728210449219,0.8294157981872559
1773,239.72068786621094,154.81167221069336,38.854400634765625,109.1814956665039,0.873745322227478
1774,235.197021484375,148.05832290649414,41.65167236328125,108.32964324951172,0.8923676013946533
1775,233.27230834960938,145.65394973754883,41.75146484375,107.63945770263672,0.8532057404518127
1776,285.38587951660156,146.5283203125,37.815826416015625,115.3173828125,0.8258602023124695
1777,282.1798858642578,143.17287063598633,35.382537841796875,116.0826644897461,0.8714710474014282
1778,278.094970703125,134.7792739868164,35.9083251953125,114.32688903808594,0.8627221584320068
1779,291.3011016845703,331.50721740722656,50.322784423828125,143.26699829101562,0.8527863621711731
1780,267.9465866088867,125.17938613891602,34.96144104003906,110.07097625732422,0.844860315322876
1781,264.4136657714844,117.57008361816406,37.199462890625,106.0260009765625,0.8982319831848145
1782,263.0604782104492,114.91800498962402,38.80146789550781,110.99113845825195,0.8978158831596375
1783,262.4164047241211,110.83729362487793,40.61396789550781,112.01086807250977,0.8809356093406677
1784,138.44204330444336,160.3486557006836,37.181007385253906,112.47026062011719,0.8498709797859192
1785,139.69164657592773,150.4381103515625,36.51142120361328,104.98233032226562,0.8612093329429626
1786,271.71851348876953,220.85814666748047,44.59776306152344,128.98829650878906,0.86909019947052
1787,271.6328887939453,200.8204574584961,41.350250244140625,116.71357727050781,0.8242425918579102
1788,218.8928451538086,83.33373260498047,30.190811157226562,98.31028747558594,0.8505198359489441
1789,150.16460037231445,148.41543197631836,45.605857849121094,122.03543853759766,0.8422644734382629
1790,261.0862121582031,159.31745529174805,49.52935791015625,108.0555191040039,0.8930436372756958
1791,265.2505874633789,149.93220138549805,33.83671569824219,107.5804214477539,0.8537402749061584
1792,263.7271957397461,137.33707427978516,32.19618225097656,105.53230285644531,0.6927036046981812
1793,259.9603500366211,127.65887451171875,34.33418273925781,103.43460083007812,0.8312509655952454
1794,256.6308059692383,119.88876342773438,40.10527038574219,111.41030883789062,0.8724421262741089
1795,255.1849365234375,109.09987258911133,40.86651611328125,103.6505355834961,0.8438498377799988
1796,249.47290802001953,103.86298942565918,29.448348999023438,108.34247207641602,0.31572240591049194
1797,151.5860137939453,114.36958122253418,36.670257568359375,102.78192520141602,0.6265875101089478
1798,,,,,0.0
1799,,,,,0.0
1800,,,,,0.0
1801,155.697998046875,94.86283111572266,31.339202880859375,96.52964782714844,0.5022185444831848
1802,156.11346435546875,91.74252700805664,31.072967529296875,101.37425994873047,0.7600968480110168
1803,156.3119659423828,86.2509765625,30.299468994140625,88.35696411132812,0.3505668044090271
1804,154.7867889404297,81.58559989929199,32.959564208984375,85.04336929321289,0.6608248949050903
1805,,,,,0.0
1806,,,,,0.0
1807,,,,,0.0
1808,,,,,0.0
1809,,,,,0.0
1810,,,,,0.0
1811,,,,,0.0
1812,401.27549743652344,308.71595001220703,55.852630615234375,134.40318298339844,0.4898037910461426
1813,,,,,0.0
1814,,,,,0.0
1815,366.3013610839844,267.0948791503906,52.72454833984375,141.98370361328125,0.5772380232810974
1816,355.4764709472656,247.9549560546875,51.77716064453125,133.978271484375,0.6551754474639893
1817,344.70140075683594,228.0971221923828,53.192962646484375,121.63552856445312,0.4909331500530243
1818,334.6318817138672,222.47380828857422,50.661224365234375,128.9655303955078,0.5394454002380371
1819,325.46954345703125,200.55206298828125,50.127197265625,116.0360107421875,0.8297467827796936
1820,315.70361328125,195.42965698242188,51.03680419921875,125.8446044921875,0.8033403754234314
1821,308.635009765625,183.06208038330078,47.9117431640625,124.21952819824219,0.8052579760551453
1822,298.4199523925781,168.25213241577148,45.14166259765625,115.64289093017578,0.6520276069641113
1823,291.9342041015625,163.49890899658203,51.173583984375,119.91593933105469,0.8091861605644226
1824,293.5383758544922,152.69560623168945,37.998321533203125,117.83882904052734,0.7372664213180542
1825,289.1433868408203,145.3560676574707,38.060028076171875,114.29863739013672,0.7500682473182678
1826,285.57582092285156,143.5069351196289,42.047760009765625,116.29447937011719,0.8254136443138123
1827,281.0647430419922,143.77260971069336,43.750396728515625,118.97876739501953,0.7367755174636841
1828,278.329345703125,140.53922271728516,36.79608154296875,121.29978942871094,0.7780719995498657
1829,274.0777893066406,130.38679122924805,36.24395751953125,113.87738800048828,0.7919568419456482
1830,,,,,0.0
1831,,,,,0.0
1832,,,,,0.0
1833,,,,,0.0
1834,,,,,0.0
1835,,,,,0.0
1836,,,,,0.0
1837,,,,,0.0
1838,,,,,0.0
1839,,,,,0.0
1840,137.0105743408203,432.8010711669922,93.67611694335938,157.59255981445312,0.6205292344093323
1841,143.95947647094727,421.8047637939453,86.0392074584961,180.39047241210938,0.3741456866264343
1842,157.1887969970703,413.0846710205078,65.826171875,197.83065795898438,0.49887701869010925
1843,168.6388931274414,367.3983917236328,58.86976623535156,138.54861450195312,0.7287452816963196
1844,149.8487777709961,180.3670997619629,42.87147521972656,110.13463592529297,0.7628408074378967
1845,196.7265167236328,331.3040313720703,51.399017333984375,129.13619995117188,0.6570125818252563
1846,212.65469360351562,313.8239288330078,55.964141845703125,121.81143188476562,0.7644473314285278
1847,222.67871856689453,297.1800765991211,52.10301208496094,124.25575256347656,0.803276777267456
1848,229.9965057373047,289.5229721069336,55.633453369140625,131.30433654785156,0.8444197177886963
1849,240.03888702392578,265.703125,51.12773132324219,116.55047607421875,0.7262318730354309
1850,246.17597198486328,261.3893585205078,47.43510437011719,125.16043090820312,0.82044517993927
1851,255.8267593383789,244.89659118652344,46.24180603027344,116.89663696289062,0.8052138686180115
1852,260.9909210205078,231.3737335205078,52.409576416015625,119.80245971679688,0.8566619753837585
1853,262.87572479248047,224.10675048828125,53.25184631347656,124.5439453125,0.874146044254303
1854,267.13148498535156,204.79812622070312,47.526947021484375,106.944091796875,0.8464108109474182
1855,271.96996307373047,201.57990264892578,45.56141662597656,115.87962341308594,0.8678117990493774
1856,276.73814392089844,186.7089385986328,42.996978759765625,106.93057250976562,0.8028720617294312
1857,279.5391387939453,174.38373565673828,39.801422119140625,107.91874694824219,0.8729757070541382
1858,276.9812469482422,169.6981430053711,38.769317626953125,112.02372741699219,0.8633767366409302
1859,275.0283203125,155.2352066040039,37.60614013671875,103.22373962402344,0.8612489700317383
1860,335.0957946777344,239.83794403076172,46.67236328125,137.2248077392578,0.8849710822105408
1861,274.2859802246094,150.51939010620117,37.14111328125,107.04364776611328,0.8982177376747131
1862,275.5788116455078,148.84626007080078,33.214141845703125,109.73765563964844,0.864351212978363
1863,331.95310974121094,199.69198608398438,44.040191650390625,124.8853759765625,0.8585036396980286
1864,273.5897445678711,133.91751861572266,36.32801818847656,106.51109313964844,0.8724468350410461
1865,321.5633087158203,184.1242904663086,38.600860595703125,129.4406280517578,0.8547124862670898
1866,313.244873046875,166.77053451538086,41.21453857421875,120.1927261352539,0.8223416805267334
1867,306.4225158691406,161.73130798339844,38.70343017578125,122.2965087890625,0.8567678332328796
1868,364.6891632080078,183.11689376831055,60.803985595703125,116.4878921508789,0.8398684859275818
1869,356.22694396972656,176.27419662475586,58.426177978515625,114.34912872314453,0.9086787700653076
1870,343.36083984375,165.6641616821289,42.82177734375,108.62471008300781,0.8798410892486572
1871,329.96473693847656,162.3730010986328,42.809417724609375,114.67431640625,0.8532258868217468
1872,317.7034606933594,157.2889060974121,48.07275390625,118.8053970336914,0.8592720627784729
1873,305.150390625,142.9039077758789,34.0869140625,104.59858703613281,0.8419216871261597
1874,287.5702819824219,136.77294921875,50.68182373046875,108.16653442382812,0.7795273661613464
1875,280.6746520996094,134.4139518737793,55.0703125,116.47040557861328,0.8646029829978943
1876,274.04236602783203,123.00033187866211,43.47251892089844,106.3786392211914,0.5759710073471069
1877,272.0176696777344,118.76557731628418,39.12225341796875,116.96844863891602,0.7539191246032715
1878,269.7000198364258,113.93583297729492,33.19407653808594,117.2591323852539,0.7919013500213623
1879,,,,,0.0
1880,,,,,0.0
1881,,,,,0.0
1882,,,,,0.0
1883,483.9335021972656,201.47555541992188,55.58514404296875,302.38470458984375,0.2717186510562897
1884,486.0953063964844,188.74758911132812,51.80938720703125,293.25299072265625,0.40987077355384827
1885,454.2255859375,222.29761505126953,68.83026123046875,145.34910583496094,0.368093878030777
1886,459.1081085205078,204.93045043945312,56.302947998046875,132.35400390625,0.6277130842208862
1887,481.596923828125,113.4176254272461,60.80615234375,226.8352508544922,0.26705947518348694
1888,496.9908905029297,101.44576263427734,30.018218994140625,202.8915252685547,0.29720887541770935
1889,482.88525390625,171.44268035888672,56.71173095703125,122.47334289550781,0.2672160863876343
1890,,,,,0.0
1891,488.7649383544922,163.2234992980957,46.470123291015625,130.26409149169922,0.36330947279930115
1892,,,,,0.0
1893,431.2255401611328,440.0450134277344,69.44705200195312,143.90997314453125,0.29518383741378784
1894,431.7113342285156,433.5559997558594,67.43817138671875,155.18719482421875,0.3980477452278137
1895,494.8446350097656,129.1485366821289,33.72723388671875,115.95213317871094,0.6665106415748596
1896,496.275634765625,130.0383701324463,30.6746826171875,145.64219284057617,0.3628511428833008
1897,430.71775817871094,408.1445007324219,61.159027099609375,150.508056640625,0.2975531220436096
1898,423.35585021972656,406.7416076660156,63.409393310546875,156.36346435546875,0.4042191505432129
1899,356.43450927734375,405.6978759765625,77.18310546875,160.072998046875,0.4695853590965271
1900,394.5555725097656,392.36976623535156,39.39794921875,128.12069702148438,0.5615002512931824
1901,346.216796875,380.09156799316406,81.0189208984375,151.66342163085938,0.5551671981811523
1902,345.3184051513672,379.4429168701172,84.29141235351562,156.48898315429688,0.5196959376335144
1903,344.3858947753906,378.7682189941406,81.8994140625,155.3134765625,0.6452259421348572
1904,350.40948486328125,370.0762176513672,70.12451171875,143.92324829101562,0.6574660539627075
1905,346.7432861328125,359.94146728515625,85.34326171875,142.869140625,0.5350071787834167
1906,408.435546875,352.2583465576172,62.9931640625,146.04678344726562,0.5499055981636047
1907,357.6211395263672,354.96461486816406,64.38388061523438,145.80679321289062,0.672052264213562
1908,405.6404266357422,345.8525848388672,55.723846435546875,153.31961059570312,0.5910468697547913
1909,389.7289123535156,337.8880920410156,38.22283935546875,139.69354248046875,0.6408047080039978
1910,386.2818145751953,331.98619079589844,41.131317138671875,138.46817016601562,0.7019875645637512
1911,391.2220458984375,325.8894958496094,48.1907958984375,136.48016357421875,0.6110760569572449
1912,391.1857452392578,328.8423309326172,50.133575439453125,152.20223999023438,0.5280113220214844
1913,391.229248046875,323.7107620239258,48.2322998046875,154.74559020996094,0.6132689118385315
1914,391.8871154785156,319.7754821777344,50.57452392578125,154.80535888671875,0.6820141673088074
1915,396.1451110839844,317.2437057495117,49.96453857421875,153.6215362548828,0.7154718041419983
1916,395.89833068847656,316.272216796875,49.835540771484375,154.07647705078125,0.6350454092025757
1917,395.27593994140625,318.2934112548828,50.43505859375,152.80038452148438,0.7786701917648315
1918,394.7592315673828,318.5002975463867,51.874786376953125,152.1374053955078,0.7980558276176453
1919,394.0775909423828,319.3636245727539,52.860931396484375,150.5232391357422,0.7854620814323425
1920,392.60899353027344,319.587646484375,53.080963134765625,151.72119140625,0.7745906710624695
1921,392.87017822265625,319.3919906616211,52.77978515625,151.7262725830078,0.7328160405158997
1922,392.5359649658203,319.6875991821289,52.967437744140625,150.5784149169922,0.8005788326263428
1923,392.7423858642578,319.9518814086914,52.915130615234375,149.48570251464844,0.7713181376457214
1924,393.7824249267578,319.5995178222656,53.114166259765625,147.70196533203125,0.7520030736923218
1925,218.60435485839844,188.5266342163086,35.86785888671875,121.45317077636719,0.7998926639556885
1926,394.5408935546875,319.6869659423828,52.6568603515625,147.30068969726562,0.7533161044120789
1927,394.9781799316406,319.8996047973633,52.52587890625,145.13963317871094,0.7395384907722473
1928,395.080078125,319.632568359375,52.21649169921875,143.97637939453125,0.72866290807724
1929,395.2505340576172,319.94667053222656,52.729400634765625,143.39901733398438,0.6277365684509277
1930,395.058837890625,319.8252944946289,52.58380126953125,142.83970642089844,0.7160937786102295
1931,228.0331039428711,288.6290054321289,44.40327453613281,136.1360321044922,0.7970102429389954
1932,395.0997314453125,318.7532196044922,53.1988525390625,137.80136108398438,0.8188623785972595
1933,393.5098876953125,318.6017608642578,55.9508056640625,136.36514282226562,0.7853906154632568
1934,332.44346618652344,341.38316345214844,42.837982177734375,145.74453735351562,0.6593711376190186
1935,242.24722290039062,385.7353515625,46.53741455078125,149.57861328125,0.6786118745803833
1936,325.195068359375,340.936279296875,55.1160888671875,145.7451171875,0.5613718032836914
1937,333.9083251953125,341.11865234375,37.53826904296875,144.2529296875,0.523431658744812
1938,395.9832763671875,320.2029800415039,51.9891357421875,140.53697204589844,0.6363188624382019
1939,395.6952209472656,320.0505828857422,51.3369140625,140.30740356445312,0.6452987194061279
1940,395.91099548339844,319.4843978881836,51.791900634765625,141.36244201660156,0.6695951223373413
1941,395.8207702636719,319.8922348022461,51.96282958984375,141.4772491455078,0.6592548489570618
1942,395.9360809326172,319.7180938720703,51.810272216796875,141.97543334960938,0.6746407151222229
1943,396.0032653808594,319.75489044189453,51.33135986328125,141.50254821777344,0.6537476181983948
1944,395.7259826660156,319.5265579223633,50.77001953125,140.3542938232422,0.7476514577865601
1945,394.5722198486328,320.1762237548828,51.423248291015625,139.30184936523438,0.7280570864677429
1946,394.8937225341797,320.4285430908203,50.260223388671875,138.62179565429688,0.6650237441062927
1947,394.0284423828125,320.8947067260742,51.6163330078125,138.20802307128906,0.6619423031806946
1948,393.8644561767578,320.5617218017578,51.951568603515625,139.54806518554688,0.7124453186988831
1949,394.22047424316406,320.27001953125,51.929351806640625,139.9619140625,0.7517185807228088
1950,393.78627014160156,320.03211212158203,52.816009521484375,139.38267517089844,0.7537554502487183
1951,395.1092834472656,320.9201431274414,50.84881591796875,137.5217742919922,0.6924667954444885
1952,395.1587371826172,320.74403381347656,50.327423095703125,139.24374389648438,0.6813318729400635
1953,395.1822967529297,320.5604934692383,50.352874755859375,139.6589813232422,0.6872081160545349
1954,395.1640167236328,320.55189514160156,50.531036376953125,139.45785522460938,0.6925886869430542
1955,394.0404815673828,320.2468795776367,53.240936279296875,139.75245666503906,0.7558976411819458
1956,394.38780212402344,320.6260223388672,52.208587646484375,140.81826782226562,0.7783096432685852
1957,394.49658203125,320.9185562133789,52.48077392578125,141.7368621826172,0.7394998073577881
1958,394.5901794433594,320.3136291503906,51.68829345703125,141.13555908203125,0.6758845448493958
1959,397.5037078857422,320.662109375,46.562591552734375,141.01171875,0.6212325692176819
1960,394.5943908691406,320.54344940185547,51.71942138671875,141.45448303222656,0.6968536972999573
1961,394.65753173828125,320.5122299194336,52.74072265625,140.89881896972656,0.7281106114387512
1962,394.73358154296875,320.6184844970703,53.02978515625,140.95431518554688,0.7323567867279053
1963,394.9308166503906,320.7932891845703,52.27587890625,140.16110229492188,0.6880193948745728
1964,394.745361328125,320.75977325439453,52.3419189453125,139.83555603027344,0.7166175842285156
1965,395.0780487060547,320.8796920776367,51.585968017578125,139.6461944580078,0.6703381538391113
1966,394.96177673339844,320.7397918701172,51.485260009765625,140.19375610351562,0.6903797388076782
1967,394.5953369140625,320.562255859375,52.19036865234375,140.94952392578125,0.6942073702812195
1968,497.811279296875,332.96763610839844,28.1612548828125,137.19717407226562,0.7520606517791748
1969,394.3331604003906,320.7554702758789,52.17498779296875,140.7180633544922,0.6851445436477661
1970,394.31591796875,320.6760482788086,52.07635498046875,141.1537628173828,0.6950814127922058
1971,497.4938507080078,299.9768600463867,28.415802001953125,121.33369445800781,0.7527302503585815
1972,496.9916076660156,293.5151596069336,29.74786376953125,135.1876983642578,0.7871742248535156
1973,497.26429748535156,282.9552001953125,29.214935302734375,149.590087890625,0.7016326189041138
1974,394.27989196777344,320.59032440185547,51.274993896484375,140.06654357910156,0.6961989402770996
1975,496.74745178222656,264.3458938598633,30.088470458984375,114.42216491699219,0.8310735821723938
1976,496.0319366455078,260.1575164794922,31.355682373046875,119.58309936523438,0.7337928414344788
1977,394.36334228515625,320.5399475097656,51.767333984375,141.83819580078125,0.6974807381629944
1978,394.38543701171875,320.4027557373047,51.403564453125,141.93069458007812,0.6826907396316528
1979,393.5932312011719,320.8984375,53.23004150390625,142.7412109375,0.6589900851249695
1980,393.62330627441406,321.4174575805664,54.306304931640625,143.31407165527344,0.6779923439025879
1981,394.4003448486328,321.7616195678711,52.495513916015625,143.6354522705078,0.6902416944503784
1982,342.25743103027344,344.997802734375,57.393463134765625,137.97735595703125,0.6592004895210266
1983,394.1934509277344,319.9623107910156,51.51300048828125,138.75030517578125,0.7201573252677917
1984,394.40625,321.0721130371094,52.0338134765625,141.08984375,0.6673182845115662
1985,396.2252502441406,321.2621765136719,52.50079345703125,140.68060302734375,0.5132424831390381
1986,407.5330505371094,254.4275894165039,53.31622314453125,149.85850524902344,0.4018329679965973
1987,394.85337829589844,246.25353240966797,51.946685791015625,152.84242248535156,0.4645316004753113
1988,394.2160949707031,319.7968978881836,53.59906005859375,142.3759307861328,0.7002424597740173
1989,395.37115478515625,320.6880340576172,51.081298828125,140.95718383789062,0.6380974054336548
1990,395.2347869873047,320.86597442626953,50.597198486328125,140.99668884277344,0.6644802689552307
1991,395.3649444580078,320.84071350097656,51.437713623046875,139.45443725585938,0.6901362538337708
1992,315.3519287109375,180.0380630493164,44.7330322265625,119.66630554199219,0.7310982346534729
1993,310.3930206298828,170.8025894165039,50.899322509765625,125.06587219238281,0.730334460735321
1994,394.9451141357422,320.0346221923828,50.882049560546875,141.75576782226562,0.685968816280365
1995,288.3610076904297,154.87322616577148,48.885894775390625,119.05670928955078,0.7921110391616821
1996,282.40802001953125,145.03246688842773,41.24267578125,119.3921890258789,0.7934832572937012
1997,278.06591796875,146.23419570922852,38.2440185546875,125.25627899169922,0.8408636450767517
1998,276.70556640625,145.77073669433594,41.16650390625,128.17355346679688,0.829178512096405
1999,276.47569274902344,145.7027931213379,41.243072509765625,129.05016326904297,0.8120729327201843
2000,277.5244445800781,141.5004997253418,39.12677001953125,126.18891143798828,0.7401870489120483
2001,276.9524841308594,128.7416877746582,39.91241455078125,115.6240463256836,0.8393704891204834
2002,272.9543685913086,128.2002716064453,39.77339172363281,122.18594360351562,0.8157285451889038
2003,271.2882843017578,123.1753921508789,31.342681884765625,118.16664123535156,0.8177096843719482
2004,390.06195068359375,323.5682067871094,51.69140625,135.080078125,0.7505744099617004
2005,387.08485412597656,322.68994903564453,52.122161865234375,138.51231384277344,0.7918381094932556
2006,385.7648468017578,319.456298828125,52.406158447265625,143.08477783203125,0.8333145380020142
2007,385.23741149902344,318.0850067138672,52.128021240234375,145.82595825195312,0.820685088634491
2008,385.3665771484375,316.8113327026367,52.525146484375,149.9479522705078,0.8016719818115234
2009,384.997314453125,312.6081771850586,51.39404296875,143.76185607910156,0.8018521666526794
2010,383.936279296875,310.5015869140625,50.66925048828125,143.62530517578125,0.8092058300971985
2011,382.82752990722656,311.3605651855469,51.588470458984375,148.06463623046875,0.8351187705993652
2012,379.4917449951172,310.5990753173828,61.033905029296875,147.89364624023438,0.8057908415794373
2013,388.07049560546875,311.22865295410156,47.64990234375,146.92684936523438,0.7394227385520935
2014,388.47862243652344,311.9086227416992,47.580963134765625,145.6046905517578,0.7445500493049622
2015,386.90472412109375,311.4817886352539,50.67431640625,146.0476531982422,0.734388530254364
2016,118.10576248168945,327.4072265625,40.52080535888672,153.96466064453125,0.7894702553749084
2017,384.4925842285156,311.34130859375,53.865234375,146.04217529296875,0.7754291296005249
2018,383.67523193359375,311.41649627685547,54.382568359375,145.92054748535156,0.7693628072738647
2019,221.42133331298828,260.5784912109375,63.74287414550781,138.8095703125,0.772474467754364
2020,237.87474060058594,249.33171844482422,65.67129516601562,124.68238830566406,0.762863278388977
2021,383.5965270996094,310.5267028808594,54.84893798828125,148.7861328125,0.7473330497741699
2022,379.810546875,310.2507553100586,61.56903076171875,149.9774932861328,0.775780200958252
2023,379.3675231933594,310.12891387939453,62.47186279296875,150.85093688964844,0.7899466753005981
2024,277.2630844116211,216.83250427246094,54.69813537597656,126.72085571289062,0.762654185295105
2025,386.41334533691406,310.0991668701172,49.684722900390625,147.97732543945312,0.7910872101783752
2026,386.0609130859375,311.2266616821289,50.55963134765625,146.6790008544922,0.7820842266082764
2027,290.23863220214844,191.359375,58.764251708984375,122.94589233398438,0.7476327419281006
2028,383.2364196777344,311.9280776977539,54.81103515625,147.19590759277344,0.8075321316719055
2029,384.6412353515625,311.9539566040039,51.39935302734375,146.82237243652344,0.8316112160682678
2030,383.9081115722656,311.7138137817383,53.26629638671875,146.60301208496094,0.837786078453064
2031,384.4176788330078,311.7311782836914,52.633575439453125,146.81260681152344,0.8366660475730896
2032,384.5244140625,311.3726043701172,52.43017578125,146.30557250976562,0.8119392395019531
2033,384.6118621826172,311.5990447998047,52.238372802734375,146.44937133789062,0.8093123435974121
2034,384.68788146972656,311.4717483520508,52.060638427734375,146.12229919433594,0.8145453333854675
2035,295.4965362548828,151.27171325683594,42.861480712890625,126.96578979492188,0.8096569776535034
2036,384.3919372558594,311.8269805908203,52.53369140625,146.04867553710938,0.818477213382721
2037,221.7525863647461,137.86172485351562,41.26893615722656,114.5576171875,0.8429639935493469
2038,221.33470916748047,135.9964256286621,38.99482727050781,114.89051055908203,0.8312016129493713
2039,267.3092269897461,153.0216293334961,44.57215881347656,117.88560485839844,0.8251100778579712
2040,219.15839385986328,122.69453811645508,43.13420104980469,109.5416488647461,0.8288918733596802
2041,218.8119125366211,122.484619140625,41.90318298339844,113.00537109375,0.8800528049468994
2042,259.9246139526367,143.07527923583984,44.19551086425781,122.87678527832031,0.8697389960289001
2043,257.99560546875,135.24152755737305,40.593505859375,112.05609893798828,0.8310185074806213
2044,219.8409652709961,101.43781661987305,39.01258850097656,104.90888214111328,0.8494642376899719
2045,383.381591796875,311.8690490722656,51.6500244140625,147.89288330078125,0.8117960691452026
2046,216.0822982788086,92.65993118286133,37.09364318847656,104.20149993896484,0.8949562311172485
2047,214.71908569335938,87.19244766235352,37.459228515625,101.00151824951172,0.8440916538238525
2048,383.0639190673828,311.5935592651367,50.829864501953125,147.6256866455078,0.8249601125717163
2049,250.7935562133789,102.82415580749512,39.53233337402344,105.67563247680664,0.8594234585762024
2050,249.66946411132812,101.92806625366211,41.30224609375,111.45850372314453,0.8858703970909119
2051,249.0986328125,96.04631614685059,40.43408203125,112.62373733520508,0.8798180818557739
2052,248.3219451904297,86.35669326782227,40.022552490234375,104.02642059326172,0.8794848322868347
2053,383.0870361328125,311.458984375,50.52655029296875,148.68377685546875,0.8216915726661682
2054,383.4030303955078,311.5106964111328,50.236114501953125,148.01229858398438,0.8090357184410095
2055,383.64300537109375,311.4784622192383,50.775634765625,147.8567352294922,0.8154080510139465
2056,383.93443298339844,311.36206817626953,50.919525146484375,147.97862243652344,0.8214011788368225
2057,383.9612731933594,311.4071273803711,51.00958251953125,147.77137756347656,0.819536566734314
2058,383.004150390625,311.30870056152344,53.28125,148.10928344726562,0.8306259512901306
2059,382.2442321777344,310.7395324707031,53.74090576171875,147.954833984375,0.8052253127098083
2060,384.3034362792969,310.2261734008789,50.679443359375,148.2048797607422,0.8104937672615051
2061,184.29994201660156,237.56346893310547,45.646209716796875,137.07276916503906,0.8392205834388733
2062,258.4520034790039,229.2107391357422,56.76182556152344,137.06265258789062,0.8294844031333923
2063,199.3333740234375,215.32855987548828,52.58001708984375,123.81455993652344,0.8429929614067078
2064,203.3602523803711,212.03023529052734,54.32685852050781,129.72254943847656,0.8606589436531067
2065,209.7862548828125,207.8258514404297,52.664947509765625,130.09085083007812,0.8366218209266663
2066,384.36781311035156,311.44725036621094,50.314361572265625,148.34927368164062,0.8398904800415039
2067,384.5703125,311.6449737548828,50.11785888671875,147.68301391601562,0.830619752407074
2068,218.8123016357422,180.5587158203125,47.396392822265625,121.39892578125,0.8726212978363037
2069,279.2524871826172,167.82867050170898,48.976165771484375,120.20856475830078,0.8728491067886353
2070,277.6971206665039,161.61089324951172,45.75956726074219,124.10429382324219,0.8336170315742493
2071,384.12548828125,311.5718688964844,50.20489501953125,150.125,0.8004041910171509
2072,278.9845428466797,150.71892547607422,44.396270751953125,124.46406555175781,0.8442978262901306
2073,228.6537094116211,148.4140853881836,37.82539367675781,114.01972961425781,0.8435744643211365
2074,232.8962173461914,146.61224746704102,41.34312438964844,115.64946746826172,0.8673707842826843
2075,234.15811157226562,145.1394805908203,44.2138671875,117.02310180664062,0.8713104724884033
2076,234.57130432128906,143.63151931762695,43.941986083984375,120.89739227294922,0.8464464545249939
2077,276.468017578125,129.20869064331055,40.7357177734375,116.95758819580078,0.8594263792037964
2078,273.6234817504883,125.08711242675781,42.07957458496094,114.95526123046875,0.8812199234962463
2079,272.8160629272461,124.1068115234375,42.41572570800781,117.29409790039062,0.8709583282470703
2080,231.925537109375,125.94705963134766,42.05126953125,117.72761535644531,0.8230311274528503
2081,269.7626495361328,118.04207992553711,40.600799560546875,114.5458755493164,0.8536244630813599
2082,269.955810546875,114.13574600219727,46.59228515625,118.69292449951172,0.8470675349235535
2083,226.81039428710938,109.66623306274414,41.535888671875,109.81664276123047,0.81862872838974
2084,224.7512664794922,102.53046607971191,39.637786865234375,104.60282516479492,0.859010636806488
2085,223.98505401611328,101.91134262084961,37.16923522949219,109.5611343383789,0.8692890405654907
2086,256.69737243652344,98.66295051574707,37.585357666015625,114.99181747436523,0.7780905961990356
2087,377.4654998779297,311.4570770263672,52.805450439453125,135.66555786132812,0.7207743525505066
2088,256.52075958251953,87.3817253112793,41.50010681152344,106.61676788330078,0.851092517375946
2089,257.03270721435547,87.98405838012695,39.01698303222656,95.4316635131836,0.7403834462165833
2090,383.7066192626953,311.03578186035156,47.824798583984375,132.07089233398438,0.643486738204956
2091,316.4353332519531,342.0499267578125,55.40301513671875,143.7574462890625,0.5952109694480896
2092,384.6893768310547,312.0837631225586,49.683929443359375,133.23255920410156,0.5141622424125671
2093,382.8525695800781,312.5049285888672,54.21441650390625,137.42068481445312,0.4434424638748169
2094,382.48011779785156,312.8585891723633,53.261322021484375,132.75462341308594,0.6965283155441284
2095,382.1833190917969,312.2158508300781,52.67144775390625,129.298095703125,0.6780270934104919
2096,382.055419921875,313.5094223022461,50.643798828125,123.56025695800781,0.7291719317436218
2097,382.57386779785156,314.18296813964844,51.496185302734375,130.43496704101562,0.6637423634529114
2098,382.5474090576172,312.5157699584961,50.815704345703125,134.4328155517578,0.6019120216369629
2099,381.1947784423828,311.0186004638672,51.023712158203125,139.81973266601562,0.7718060612678528
2100,379.873779296875,309.3437957763672,52.08966064453125,140.84902954101562,0.756477952003479
2101,379.812744140625,308.6586227416992,52.1204833984375,143.52711486816406,0.7644591927528381
2102,380.2701110839844,310.13184356689453,52.16522216796875,149.51036071777344,0.7732098698616028
2103,379.4712829589844,309.5248107910156,54.49896240234375,150.17071533203125,0.7816779613494873
2104,377.2008056640625,308.5768280029297,59.03668212890625,149.78128051757812,0.7764803767204285
2105,382.08203125,308.5524597167969,49.9014892578125,150.10736083984375,0.7626533508300781
2106,381.76519775390625,308.82066345214844,50.52294921875,148.68154907226562,0.7430713176727295
2107,381.856201171875,308.7343292236328,50.56280517578125,147.84512329101562,0.7508664131164551
2108,382.0647430419922,308.92393493652344,50.269256591796875,148.04434204101562,0.747008204460144
2109,381.9629821777344,309.0846862792969,50.75146484375,148.063232421875,0.7605181336402893
2110,382.0979461669922,309.4888153076172,50.818572998046875,147.06484985351562,0.7528336048126221
2111,382.0603942871094,309.6330032348633,51.25091552734375,146.66990661621094,0.7639830708503723
2112,381.9531707763672,310.20875549316406,51.656585693359375,145.78622436523438,0.7595185041427612
2113,382.27427673339844,309.9855499267578,51.474700927734375,145.67666625976562,0.7682043313980103
2114,382.408935546875,309.7518005371094,51.4786376953125,145.66864013671875,0.7673755288124084
2115,382.49012756347656,309.6171340942383,51.588226318359375,145.82225036621094,0.7523290514945984
2116,382.69720458984375,309.8915481567383,51.451171875,146.33982849121094,0.7461979389190674
2117,382.28379821777344,310.054443359375,51.302398681640625,145.3193359375,0.7260377407073975
2118,381.9463806152344,310.4740219116211,51.115234375,145.4342803955078,0.7213435769081116
2119,381.83607482910156,308.7383270263672,50.122161865234375,144.45584106445312,0.6985660791397095
2120,380.47447204589844,309.5704040527344,51.872161865234375,144.009521484375,0.7155157923698425
2121,379.9710235595703,306.8428268432617,51.447540283203125,147.4723663330078,0.74242103099823
2122,384.8133239746094,255.94606399536133,77.57891845703125,283.75862884521484,0.34158504009246826
2123,376.6177215576172,305.21202087402344,54.169708251953125,148.97354125976562,0.6792214512825012
2124,375.0541534423828,307.285400390625,56.839630126953125,148.28521728515625,0.6140862107276917
2125,357.2980194091797,164.72710037231445,61.301727294921875,121.85698699951172,0.7006694078445435
2126,345.8309020996094,159.96850204467773,58.16571044921875,123.63916778564453,0.7474440336227417
2127,373.7389831542969,306.06224822998047,55.78765869140625,148.48622131347656,0.7141844630241394
2128,327.43212890625,150.55049896240234,62.04364013671875,126.51686096191406,0.7808319330215454
2129,316.9452667236328,148.5116195678711,60.569061279296875,129.68043518066406,0.8118928670883179
2130,369.8788146972656,306.71595764160156,51.71258544921875,144.17343139648438,0.7351382970809937
2131,312.23388671875,140.4214096069336,42.71075439453125,124.77503967285156,0.798276424407959
2132,308.7962341308594,141.7458839416504,40.47247314453125,128.39757537841797,0.778898298740387
2133,186.63545989990234,420.459228515625,73.04109191894531,175.08184814453125,0.8372705578804016
2134,183.18437957763672,407.4627227783203,68.53340148925781,180.70651245117188,0.8642100095748901
2135,302.5669403076172,138.0224609375,41.584869384765625,122.46316528320312,0.7930079698562622
2136,300.9733428955078,143.2136993408203,39.262420654296875,132.180419921875,0.800046443939209
2137,297.5334014892578,144.7235984802246,40.647552490234375,131.1899185180664,0.8222431540489197
2138,249.85686492919922,349.915283203125,56.65016174316406,154.70233154296875,0.8200655579566956
2139,247.09174346923828,323.5130920410156,59.96611022949219,134.42431640625,0.7552555203437805
2140,287.3189392089844,140.66804122924805,42.7529296875,131.68595123291016,0.830186128616333
2141,240.0878143310547,303.83717346191406,57.474456787109375,143.47738647460938,0.8354771733283997
2142,240.13652801513672,278.9342727661133,57.58662414550781,119.18919372558594,0.7731672525405884
2143,273.5413284301758,120.90987586975098,40.55131530761719,125.82062911987305,0.8313291072845459
2144,160.3864517211914,241.8672637939453,45.38447570800781,124.03976440429688,0.7346464991569519
2145,157.1300811767578,237.52568817138672,47.562347412109375,135.42189025878906,0.7509751319885254
2146,160.64169311523438,230.75702667236328,44.2103271484375,141.6571502685547,0.8120092749595642
2147,238.0933380126953,228.9200668334961,57.344207763671875,133.8006134033203,0.8562530279159546
2148,160.23919677734375,203.93425750732422,41.995574951171875,127.79609680175781,0.7560334205627441
2149,232.02159118652344,213.45620727539062,54.221588134765625,135.17999267578125,0.8462649583816528
2150,231.45175170898438,200.3156280517578,51.1875,128.40304565429688,0.8538172841072083
2151,229.3839111328125,185.3120346069336,49.741943359375,115.60697937011719,0.8463422060012817
2152,224.949462890625,178.28314971923828,48.235107421875,119.35893249511719,0.8753743171691895
2153,219.62642669677734,171.5859603881836,48.30799865722656,119.99491882324219,0.894317626953125
2154,160.3409194946289,153.48745346069336,36.99012756347656,115.32929229736328,0.8756030201911926
2155,160.4853286743164,152.42943954467773,37.13755798339844,117.02216339111328,0.8790522217750549
2156,211.1463851928711,149.35541152954102,41.57066345214844,113.29729461669922,0.8837900161743164
2157,211.7313995361328,144.75952911376953,41.230072021484375,107.33207702636719,0.8745875358581543
2158,156.6999740600586,142.7840576171875,33.96571350097656,115.68466186523438,0.8616138696670532
2159,211.93830108642578,143.75774002075195,41.06318664550781,110.8382797241211,0.8718801140785217
2160,212.6404266357422,141.86632537841797,39.436767578125,106.71089172363281,0.8648883104324341
2161,212.7424774169922,142.98263931274414,38.625823974609375,111.66551971435547,0.8712253570556641
2162,213.5162124633789,141.5496711730957,36.06922912597656,109.7146224975586,0.838813841342926
2163,216.2930145263672,136.52057647705078,34.421600341796875,108.58915710449219,0.824799120426178
2164,220.0196533203125,136.9085693359375,38.806640625,118.87783813476562,0.8652592301368713
2165,221.69979858398438,126.33916473388672,42.32208251953125,116.02607727050781,0.8615897297859192
2166,222.36162567138672,122.12749099731445,47.96244812011719,116.8893051147461,0.8798754811286926
2167,324.7544860839844,277.7939224243164,58.36785888671875,152.44493103027344,0.8003891110420227
2168,218.2523422241211,104.41810035705566,38.53974914550781,104.06180953979492,0.8634371757507324
2169,318.7100067138672,255.4310302734375,58.204803466796875,142.967041015625,0.7638182640075684
2170,318.1153259277344,250.0872039794922,55.08575439453125,144.18673706054688,0.8688179850578308
2171,317.192138671875,234.4596710205078,55.3883056640625,135.69284057617188,0.7476934194564819
2172,315.2517395019531,221.724365234375,54.19476318359375,129.1490478515625,0.7460129261016846
2173,305.36875915527344,221.94995880126953,59.030670166015625,136.98106384277344,0.7246531248092651
2174,298.4565734863281,211.3956756591797,47.50140380859375,136.48001098632812,0.795036792755127
2175,290.0785217285156,193.53643798828125,47.55340576171875,122.4364013671875,0.7931286096572876
2176,283.3270721435547,190.54604721069336,46.755035400390625,127.8755874633789,0.7372118830680847
2177,278.8085403442383,183.8394660949707,49.15361022949219,129.98430633544922,0.7219537496566772
2178,277.1632843017578,169.1755828857422,38.393768310546875,116.223876953125,0.6929910182952881
2179,265.1106491088867,163.9333267211914,51.26759338378906,121.22660827636719,0.7881572246551514
2180,256.2846221923828,167.69436264038086,39.638885498046875,110.57398223876953,0.6238800883293152
2181,246.91018676757812,157.01942443847656,37.41802978515625,90.29861450195312,0.7159978151321411
2182,245.31690216064453,144.56414031982422,34.24668884277344,112.35078430175781,0.7408452033996582
2183,240.39545440673828,144.5562744140625,31.064743041992188,111.41207885742188,0.5978906750679016
2184,240.1328582763672,144.55069732666016,35.729278564453125,111.52952575683594,0.6763972640037537
2185,240.25611114501953,141.58889770507812,36.46006774902344,117.31918334960938,0.7739447951316833
2186,237.86962890625,144.0827178955078,33.281158447265625,109.4407958984375,0.6728121638298035
2187,237.45722198486328,127.97480773925781,35.78584289550781,119.99514770507812,0.7375962734222412
2188,237.1854019165039,121.97941589355469,38.27549743652344,113.520263671875,0.7672426104545593
2189,333.3470153808594,400.0450134277344,58.87420654296875,132.9541015625,0.8002980947494507
2190,329.8792419433594,390.39027404785156,56.17095947265625,145.45907592773438,0.8612192869186401
2191,321.50025939941406,369.89892578125,58.267669677734375,148.8375244140625,0.8458718061447144
2192,232.23957061767578,101.80765914916992,44.45991516113281,116.74720001220703,0.8879873752593994
2193,230.9715347290039,97.46785736083984,42.28553771972656,113.06828308105469,0.849999189376831
2194,310.84429931640625,316.2390441894531,55.73828125,140.26910400390625,0.8358688950538635
2195,309.2456512451172,297.5048522949219,52.413299560546875,132.12835693359375,0.8523635268211365
2196,249.06715393066406,323.2696228027344,61.074554443359375,154.77197265625,0.8118851184844971
2197,299.4490203857422,264.4489517211914,51.712127685546875,125.16587829589844,0.8421753644943237
2198,298.2931213378906,257.1875,50.15216064453125,133.1905517578125,0.8646224737167358
2199,297.36387634277344,245.4680938720703,48.867767333984375,136.33242797851562,0.8882187604904175
2200,298.1551208496094,225.3453598022461,46.006103515625,122.77156066894531,0.8607192635536194
2201,296.42103576660156,220.6458282470703,46.275299072265625,127.72109985351562,0.8858633637428284
2202,291.64515686035156,202.9961700439453,43.683685302734375,118.86911010742188,0.8734121918678284
2203,288.06532287597656,192.7981185913086,46.715911865234375,120.30464172363281,0.8629766702651978
2204,289.4140167236328,183.76216888427734,46.326446533203125,121.16316223144531,0.8550803065299988
2205,288.9025421142578,169.89365005493164,40.943084716796875,112.87377166748047,0.8494836091995239
2206,285.18798828125,166.1559066772461,37.98883056640625,117.46659851074219,0.8987150192260742
2207,237.6628646850586,178.276611328125,49.63179016113281,115.36245727539062,0.8583506941795349
2208,240.67951202392578,170.26799392700195,43.33598327636719,115.9269027709961,0.8747403025627136
2209,244.0629425048828,169.5841293334961,43.871795654296875,119.90205383300781,0.8620486259460449
2210,248.4647445678711,161.24456787109375,41.66053771972656,115.9093017578125,0.6866123676300049
2211,255.6864242553711,157.20365142822266,32.21162414550781,112.31721496582031,0.8344008326530457
2212,258.5119094848633,155.72843551635742,36.29100036621094,115.0733413696289,0.8166351914405823
2213,265.6606979370117,151.7832145690918,41.02931213378906,121.8393325805664,0.6865701079368591
2214,287.6676788330078,131.93574142456055,33.807037353515625,113.70362091064453,0.5168425440788269
2215,270.8560104370117,137.8356475830078,37.79591369628906,126.731201171875,0.7894160151481628
2216,275.0107421875,134.71627044677734,40.73028564453125,131.1402130126953,0.8661261796951294
2217,278.52964782714844,128.61720085144043,38.334075927734375,129.45849990844727,0.8011144995689392
2218,277.2360382080078,122.8801155090332,41.401947021484375,126.49224090576172,0.5268860459327698
2219,277.063720703125,117.34900856018066,35.970703125,124.41984176635742,0.3086925745010376
2220,273.2809295654297,115.20600700378418,34.246551513671875,135.62488174438477,0.650141179561615
2221,272.6368103027344,112.03120231628418,32.26336669921875,131.97381973266602,0.7379823327064514
2222,270.67323303222656,110.32260704040527,28.462554931640625,135.79082107543945,0.4596799910068512
2223,270.0475082397461,105.32665824890137,28.896377563476562,134.12948989868164,0.37928298115730286
2224,,,,,0.0
2225,,,,,0.0
2226,,,,,0.0
2227,,,,,0.0
2228,,,,,0.0
2229,,,,,0.0
2230,,,,,0.0
2231,,,,,0.0
2232,,,,,0.0
2233,,,,,0.0
2234,,,,,0.0
2235,,,,,0.0
2236,,,,,0.0
2237,,,,,0.0
2238,,,,,0.0
2239,,,,,0.0
2240,,,,,0.0
2241,,,,,0.0
2242,,,,,0.0
2243,,,,,0.0
2244,,,,,0.0
2245,,,,,0.0
2246,,,,,0.0
2247,,,,,0.0
2248,,,,,0.0
2249,,,,,0.0
2250,,,,,0.0
2251,,,,,0.0
2252,467.4943389892578,446.2826690673828,73.56423950195312,129.88955688476562,0.5472126007080078
2253,461.13250732421875,435.44712829589844,79.8935546875,150.24404907226562,0.6304566860198975
2254,460.09315490722656,423.8966369628906,71.21035766601562,161.61895751953125,0.6477154493331909
2255,461.81072998046875,400.6734619140625,66.888671875,158.6358642578125,0.3721335828304291
2256,,,,,0.0
2257,,,,,0.0
2258,455.1199188232422,350.5614776611328,35.511138916015625,93.32382202148438,0.3946682810783386
2259,472.36705017089844,328.5502166748047,61.388580322265625,135.38363647460938,0.25074678659439087
2260,,,,,0.0
2261,460.837646484375,304.7862548828125,32.71160888671875,96.29449462890625,0.5042574405670166
2262,,,,,0.0
2263,467.5885772705078,272.148193359375,30.713592529296875,80.43231201171875,0.2949942648410797
2264,472.6201171875,263.5310516357422,31.88555908203125,90.20541381835938,0.29337018728256226
2265,213.49472045898438,160.6573486328125,50.447509765625,88.728759765625,0.36535778641700745
2266,222.9712142944336,160.8035125732422,18.431350708007812,65.10140991210938,0.2667819857597351
2267,236.08710479736328,156.13311767578125,17.067092895507812,50.828887939453125,0.5302647948265076
2268,,,,,0.0
2269,,,,,0.0
2270,165.16830444335938,187.4803695678711,41.8349609375,93.98109436035156,0.5127365589141846
2271,174.3067398071289,147.7172622680664,10.093307495117188,16.635208129882812,0.60117107629776
2272,235.9145050048828,172.10981369018555,40.546478271484375,112.12348175048828,0.7064598798751831
2273,144.73706436157227,208.2195281982422,38.62578582763672,75.71710205078125,0.7882310152053833
2274,247.90512084960938,190.4091033935547,37.3544921875,119.90243530273438,0.7732503414154053
2275,248.110595703125,193.9771728515625,39.272705078125,110.67706298828125,0.7559735774993896
2276,133.56926727294922,214.513671875,35.68354797363281,89.31866455078125,0.6939544081687927
2277,243.935546875,216.01395416259766,42.35595703125,119.10069274902344,0.6249755620956421
2278,244.04019165039062,215.33555603027344,32.96044921875,116.36257934570312,0.6831064820289612
2279,119.33647918701172,232.1202621459961,39.31523132324219,104.09004211425781,0.5609881281852722
2280,181.24434661865234,175.9119644165039,14.029953002929688,25.716659545898438,0.5823619961738586
2281,237.28746032714844,247.2886734008789,41.571197509765625,133.25132751464844,0.7123779654502869
2282,237.4257354736328,250.333984375,38.895233154296875,122.73028564453125,0.7110766172409058
2283,234.1673355102539,259.58624267578125,42.84535217285156,121.05487060546875,0.27621445059776306
2284,,,,,0.0
2285,219.513671875,279.4502182006836,40.105224609375,125.67060852050781,0.7369418740272522
2286,219.0184326171875,286.6177673339844,47.24664306640625,129.4365234375,0.4199860692024231
2287,220.9932632446289,308.45692443847656,41.92103576660156,142.24813842773438,0.26280897855758667
2288,,,,,0.0
2289,469.6429138183594,444.66514587402344,61.46630859375,127.08163452148438,0.53038489818573
2290,132.72681045532227,332.4505920410156,48.04082489013672,128.97686767578125,0.3964327275753021
2291,120.5544204711914,338.228759765625,33.95365905761719,122.53009033203125,0.4684350788593292
2292,424.2637176513672,384.2393493652344,68.41104125976562,126.18048095703125,0.457529217004776
2293,419.61122131347656,374.36952209472656,63.603424072265625,129.81973266601562,0.740747332572937
2294,390.1342315673828,356.9127197265625,61.291778564453125,123.0521240234375,0.34681496024131775
2295,446.6868591308594,330.9153594970703,51.16326904296875,135.07730102539062,0.6034584641456604
2296,430.8817443847656,307.8374938964844,41.85906982421875,118.20361328125,0.5176727175712585
2297,372.4544372558594,308.6294403076172,58.51025390625,121.61288452148438,0.5754780769348145
2298,362.41229248046875,298.2148895263672,50.45703125,134.15292358398438,0.4903743267059326
2299,360.9638366699219,281.7589797973633,57.30242919921875,120.06297302246094,0.607856035232544
2300,393.56874084472656,261.6185531616211,40.844329833984375,128.9942169189453,0.5631227493286133
2301,374.3341827392578,254.68521881103516,49.553436279296875,133.1467742919922,0.6558752059936523
2302,422.4205017089844,461.0558624267578,65.38592529296875,101.21560668945312,0.6112063527107239
2303,414.94256591796875,446.3235321044922,59.78851318359375,129.13455200195312,0.7739789485931396
2304,356.55511474609375,220.11383819580078,42.363037109375,129.74217224121094,0.7715588212013245
2305,349.6566925048828,201.44979858398438,42.888092041015625,111.36834716796875,0.6499271392822266
2306,341.886962890625,198.189453125,43.86212158203125,116.25189208984375,0.7484602332115173
2307,333.09149169921875,191.5244903564453,40.31201171875,120.026123046875,0.8298574090003967
2308,289.5823974609375,188.0398712158203,45.44085693359375,114.34414672851562,0.7052629590034485
2309,380.92388916015625,329.1896057128906,50.302001953125,130.67236328125,0.8217310905456543
2310,309.461669921875,168.4107666015625,40.90802001953125,118.53189086914062,0.8168630599975586
2311,265.3795852661133,168.4182357788086,36.38456726074219,111.88569641113281,0.8256696462631226
2312,259.1685791015625,159.9645233154297,36.0,108.849365234375,0.8159494400024414
2313,290.3382873535156,144.8861427307129,37.64190673828125,100.32115936279297,0.8403809070587158
2314,244.60619354248047,152.38621139526367,34.15370178222656,111.57318878173828,0.8375458717346191
2315,239.51557159423828,151.8845443725586,34.79295349121094,116.22383117675781,0.8832888007164001
2316,236.1791763305664,148.12307357788086,38.52616882324219,114.72364044189453,0.8562740683555603
2317,232.9629135131836,143.91576766967773,39.02040100097656,116.8265151977539,0.8692400455474854
2318,275.4164581298828,138.02374649047852,38.340911865234375,113.96172332763672,0.8916519284248352
2319,272.8219985961914,128.5120391845703,38.45079040527344,105.11370849609375,0.8518668413162231
2320,319.9469451904297,188.2988395690918,42.695953369140625,124.8622817993164,0.8548257946968079
2321,222.52611541748047,123.8777847290039,36.49864196777344,106.14213562011719,0.8543705940246582
2322,261.8244857788086,113.80280494689941,35.70820617675781,104.17094039916992,0.834676206111908
2323,262.42847442626953,112.8863296508789,38.35997009277344,108.41950988769531,0.8798171877861023
2324,262.72569274902344,106.75699806213379,37.577056884765625,106.83298873901367,0.8354342579841614
2325,280.4947967529297,140.43680572509766,37.864654541015625,110.59660339355469,0.7811681032180786
2326,219.26290893554688,92.72537994384766,31.884765625,94.37043762207031,0.6058568954467773
2327,221.326416015625,85.27544784545898,29.041412353515625,88.11515045166016,0.4592471122741699
2328,222.3873062133789,82.04239463806152,27.357040405273438,91.96257400512695,0.813757061958313
2329,,,,,0.0
2330,,,,,0.0
2331,,,,,0.0
2332,,,,,0.0
2333,,,,,0.0
2334,,,,,0.0
2335,,,,,0.0
2336,,,,,0.0
2337,,,,,0.0
2338,230.0997085571289,139.3169937133789,13.615585327148438,32.72782897949219,0.35639485716819763
2339,231.2650146484375,148.19832611083984,12.896484375,31.402420043945312,0.38426393270492554
2340,232.740234375,159.42267608642578,13.11492919921875,32.29191589355469,0.5111295580863953
2341,231.7584457397461,168.2629165649414,13.018905639648438,32.67835998535156,0.49900057911872864
2342,226.6548843383789,227.5193328857422,55.72529602050781,117.63613891601562,0.6205328702926636
2343,,,,,0.0
2344,,,,,0.0
2345,,,,,0.0
2346,,,,,0.0
2347,,,,,0.0
2348,,,,,0.0
2349,,,,,0.0
2350,,,,,0.0
2351,,,,,0.0
2352,,,,,0.0
2353,,,,,0.0
2354,,,,,0.0
2355,,,,,0.0
2356,,,,,0.0
2357,,,,,0.0
2358,,,,,0.0
2359,,,,,0.0
2360,,,,,0.0
2361,,,,,0.0
2362,,,,,0.0
2363,,,,,0.0
2364,,,,,0.0
2365,142.0790557861328,163.1331329345703,32.67626953125,103.207763671875,0.323091059923172
2366,,,,,0.0
2367,135.4687728881836,148.31051635742188,9.509658813476562,25.009765625,0.31744468212127686
2368,137.08324432373047,168.3096923828125,10.043624877929688,27.084686279296875,0.53636634349823
2369,141.369384765625,181.72150421142578,10.607635498046875,27.274459838867188,0.3054905831813812
2370,,,,,0.0
2371,,,,,0.0
2372,131.5256805419922,188.8710479736328,46.562835693359375,123.87734985351562,0.6452221274375916
2373,,,,,0.0
2374,117.3847541809082,212.8767547607422,31.443016052246094,129.38211059570312,0.6618529558181763
2375,,,,,0.0
2376,88.21453857421875,231.7807159423828,42.67033386230469,118.51254272460938,0.2731747031211853
2377,73.93606567382812,253.31900787353516,38.69915771484375,108.93290710449219,0.5064361095428467
2378,,,,,0.0
2379,,,,,0.0
2380,,,,,0.0
2381,,,,,0.0
2382,,,,,0.0
2383,,,,,0.0
2384,,,,,0.0
2385,,,,,0.0
2386,,,,,0.0
2387,,,,,0.0
2388,,,,,0.0
2389,,,,,0.0
2390,,,,,0.0
2391,,,,,0.0
2392,149.9421615600586,161.0002326965332,30.150314331054688,88.8506088256836,0.40484774112701416
2393,147.75979614257812,166.63994216918945,30.8218994140625,100.4911117553711,0.6132668256759644
2394,141.8936424255371,182.5223617553711,38.08069610595703,108.54624938964844,0.549873411655426
2395,151.72926330566406,192.61883544921875,32.165069580078125,99.86370849609375,0.3123472034931183
2396,139.69078826904297,162.4831085205078,12.942550659179688,22.469879150390625,0.5174016356468201
2397,,,,,0.0
2398,156.6877670288086,251.71192932128906,46.12431335449219,103.46640014648438,0.36106669902801514
2399,157.3630828857422,252.0009307861328,50.140716552734375,101.59835815429688,0.38458386063575745
2400,165.0757598876953,279.64173126220703,41.132904052734375,114.72593688964844,0.7404834032058716
2401,174.41130828857422,293.2613067626953,41.06791687011719,110.09579467773438,0.6625936627388
2402,166.9800796508789,314.7541961669922,54.26264953613281,131.26699829101562,0.6670082211494446
2403,170.35709381103516,332.9432067871094,60.84477233886719,122.5380859375,0.4040302336215973
2404,186.0780792236328,352.7494659423828,43.618255615234375,113.81649780273438,0.30177581310272217
2405,199.5033416748047,410.1641082763672,45.148529052734375,180.10379028320312,0.29422232508659363
2406,138.06063079833984,167.77012634277344,36.96064758300781,85.7547607421875,0.28334182500839233
2407,,,,,0.0
2408,132.5556869506836,182.42047882080078,35.47477722167969,92.51289367675781,0.664348304271698
2409,135.3194808959961,203.01212310791016,37.19364929199219,107.90818786621094,0.7971674203872681
2410,134.69709396362305,205.71072387695312,41.42548370361328,102.77056884765625,0.321371465921402
2411,445.7027282714844,435.1029815673828,56.1396484375,147.06845092773438,0.3080516755580902
2412,423.9125518798828,410.69960021972656,75.95272827148438,137.10195922851562,0.6928497552871704
2413,419.3273010253906,397.0718688964844,76.12890625,144.59832763671875,0.46845266222953796
2414,409.3567352294922,389.2890625,71.20291137695312,157.8369140625,0.6729966998100281
2415,399.508056640625,374.3331756591797,53.40753173828125,159.63607788085938,0.6464122533798218
2416,139.6800193786621,188.7797088623047,35.270851135253906,112.846435546875,0.6809263229370117
2417,380.447998046875,344.36700439453125,54.32647705078125,127.84375,0.5790561437606812
2418,371.68212890625,335.5731201171875,57.2991943359375,127.1636962890625,0.5708741545677185
2419,370.0828094482422,332.0743713378906,62.774322509765625,142.1884765625,0.7231764793395996
2420,370.0303955078125,329.9075469970703,69.7098388671875,152.10873413085938,0.8112226128578186
2421,374.3970184326172,315.5293273925781,68.38516235351562,149.53515625,0.759448766708374
2422,375.865478515625,301.7099151611328,68.5615234375,136.47335815429688,0.7971883416175842
2423,372.8128356933594,299.34228515625,57.59002685546875,136.32452392578125,0.6388012766838074
2424,123.30535507202148,272.6726989746094,46.06842803955078,121.56561279296875,0.7967137694358826
2425,121.2895736694336,296.2567367553711,53.10710144042969,141.6242218017578,0.76569664478302
2426,395.46388244628906,274.3371047973633,56.082366943359375,131.9255828857422,0.7653316855430603
2427,394.1289978027344,271.3627395629883,56.12811279296875,136.6478729248047,0.781542181968689
2428,395.78501892089844,267.6867980957031,50.066986083984375,132.88140869140625,0.7826560139656067
2429,390.65635681152344,260.7322692871094,57.817962646484375,128.042236328125,0.795584499835968
2430,390.8656768798828,259.9434356689453,58.721771240234375,127.95614624023438,0.8450345993041992
2431,394.2264404296875,259.84107208251953,59.18890380859375,127.19657897949219,0.816504180431366
2432,390.33412170410156,259.2318878173828,49.656646728515625,127.73855590820312,0.7219855189323425
2433,389.23834228515625,259.0253143310547,47.711181640625,127.46633911132812,0.7044681310653687
2434,393.311279296875,259.5691146850586,54.7718505859375,126.28724670410156,0.669053316116333
2435,398.0393524169922,258.7013244628906,63.031341552734375,128.80047607421875,0.6793966293334961
2436,398.1259307861328,258.5476303100586,63.732025146484375,129.3913116455078,0.6775426864624023
2437,393.61558532714844,259.12779235839844,55.422760009765625,127.41415405273438,0.7024189233779907
2438,392.3081512451172,258.8197784423828,53.022674560546875,128.23544311523438,0.7015777230262756
2439,392.6845703125,258.7281494140625,54.84405517578125,129.16912841796875,0.728069007396698
2440,393.81675720214844,257.8907775878906,57.028900146484375,130.93896484375,0.7325794696807861
2441,393.82244873046875,258.0603485107422,57.803955078125,130.69595336914062,0.7460860013961792
2442,394.2646789550781,258.0996322631836,58.33892822265625,130.51942443847656,0.7333083152770996
2443,394.8201141357422,258.7196731567383,59.168670654296875,129.40391540527344,0.7251576781272888
2444,391.6065979003906,259.1852493286133,52.69073486328125,127.98802185058594,0.6747128963470459
2445,389.3165588378906,258.95594024658203,48.09930419921875,128.16270446777344,0.6839407086372375
2446,391.41748046875,259.01365661621094,52.1107177734375,127.84683227539062,0.6608583331108093
2447,393.4488220214844,258.8087921142578,56.115234375,128.45242309570312,0.6945748329162598
2448,395.4508056640625,258.4318084716797,59.6932373046875,129.33358764648438,0.717261552810669
2449,397.1644592285156,258.42674255371094,61.64764404296875,128.89395141601562,0.7035692930221558
2450,396.2227478027344,259.0411148071289,58.59539794921875,127.23289489746094,0.6788973808288574
2451,394.04931640625,258.23326873779297,57.6820068359375,125.27821350097656,0.753254234790802
2452,398.7266540527344,256.5870895385742,64.8662109375,133.64137268066406,0.6058724522590637
2453,384.4399871826172,253.34457397460938,47.221954345703125,124.18206787109375,0.673608124256134
2454,388.71351623535156,248.71231079101562,56.018951416015625,136.95135498046875,0.7708675861358643
2455,387.2422790527344,243.3685760498047,57.18182373046875,133.93753051757812,0.7822492122650146
2456,388.47314453125,237.29678344726562,56.4283447265625,125.52911376953125,0.8275834918022156
2457,391.38206481933594,236.1023406982422,58.829925537109375,123.68826293945312,0.7927441596984863
2458,162.71581268310547,335.2367706298828,47.73066711425781,130.99484252929688,0.7262775897979736
2459,180.1880645751953,318.46839904785156,51.232269287109375,124.07461547851562,0.80289226770401
2460,186.8790512084961,313.1554870605469,53.75721740722656,135.25732421875,0.8380107879638672
2461,194.0621795654297,300.6028518676758,51.937835693359375,136.3486785888672,0.838002622127533
2462,397.43634033203125,232.5167465209961,55.55517578125,125.03681945800781,0.7639463543891907
2463,206.29409790039062,271.90235137939453,46.05682373046875,126.69737243652344,0.8276733756065369
2464,216.4974136352539,251.76144409179688,47.08140563964844,114.847412109375,0.758061945438385
2465,224.08521270751953,243.6651611328125,50.41316223144531,122.16851806640625,0.8618026971817017
2466,228.2972640991211,236.9445037841797,46.49433898925781,126.53958129882812,0.8939059376716614
2467,233.3864288330078,218.2565155029297,43.068756103515625,114.82034301757812,0.8146648406982422
2468,236.3736572265625,209.98566436767578,42.705078125,117.96849060058594,0.8311986327171326
2469,344.8175964355469,314.3080520629883,54.14056396484375,136.78074645996094,0.7948462963104248
2470,197.3744659423828,194.6254425048828,43.636474609375,119.22616577148438,0.8582906723022461
2471,329.373046875,292.1556930541992,55.87945556640625,139.46461486816406,0.8530590534210205
2472,396.8860321044922,238.26121520996094,48.361236572265625,126.14785766601562,0.8006967306137085
2473,318.697265625,262.5145034790039,53.95574951171875,121.46549987792969,0.8372403383255005
2474,311.3046875,259.56397247314453,51.13543701171875,132.25743103027344,0.8183354735374451
2475,303.9414978027344,247.8829574584961,50.10675048828125,128.5432891845703,0.8307429552078247
2476,373.2009735107422,256.9730758666992,58.819305419921875,125.37055969238281,0.8492482900619507
2477,298.8822326660156,232.9570083618164,49.51690673828125,132.3132781982422,0.857250452041626
2478,250.6707305908203,143.09429168701172,34.543670654296875,104.15229797363281,0.8044007420539856
2479,216.7022933959961,227.3512191772461,56.55552673339844,144.20155334472656,0.8105928897857666
2480,295.47227478027344,209.6549835205078,45.659088134765625,124.65634155273438,0.819508969783783
2481,292.07427978515625,201.58373260498047,46.049560546875,124.07044982910156,0.8069438338279724
2482,289.4083557128906,188.9422607421875,45.247802734375,117.713134765625,0.8465517163276672
2483,290.70849609375,186.14706802368164,47.6031494140625,119.9510726928711,0.8105215430259705
2484,292.2821807861328,180.94786071777344,46.434478759765625,122.2713623046875,0.8046129941940308
2485,290.1828155517578,169.3013916015625,37.104705810546875,114.39242553710938,0.7652227878570557
2486,202.57828521728516,94.5580940246582,32.87882995605469,99.8108139038086,0.857583224773407
2487,278.42103576660156,156.60358428955078,35.720611572265625,109.19096374511719,0.822701632976532
2488,275.1114196777344,153.94869232177734,33.86749267578125,114.07234191894531,0.7906857132911682
2489,275.8818817138672,152.77500534057617,39.466583251953125,118.3226089477539,0.8046968579292297
2490,275.1598129272461,148.78900146484375,38.55342102050781,116.6143798828125,0.8662235736846924
2491,351.7532196044922,244.96339416503906,48.905487060546875,123.66757202148438,0.7213570475578308
2492,215.85214233398438,126.53194808959961,44.959381103515625,123.71118927001953,0.841180682182312
2493,266.6802673339844,130.8478546142578,36.72088623046875,109.31649780273438,0.8430771231651306
2494,260.5490036010742,117.10485458374023,35.60957336425781,102.77997589111328,0.8795625567436218
2495,258.8431167602539,115.86767387390137,40.00938415527344,109.38144302368164,0.8943760395050049
2496,256.1583938598633,109.85138130187988,41.34861755371094,108.72243881225586,0.873083770275116
2497,253.24951171875,98.09036445617676,40.96160888671875,97.96981430053711,0.8738186359405518
2498,249.41382598876953,96.52167129516602,39.45957946777344,104.74053192138672,0.695719301700592
2499,248.86040496826172,89.11364555358887,45.87763977050781,101.35922622680664,0.9195770621299744
2500,241.18866729736328,79.66268920898438,35.97782897949219,92.52015686035156,0.897432267665863
2501,240.75194549560547,79.8663558959961,36.27040100097656,91.99002075195312,0.9034358859062195
2502,239.89022827148438,75.36755561828613,35.20330810546875,89.86831283569336,0.8066028952598572
2503,351.35386657714844,274.3057174682617,64.40292358398438,201.68922424316406,0.37955355644226074
2504,351.0415954589844,276.7548065185547,62.77459716796875,203.50747680664062,0.3932514786720276
2505,353.13787841796875,237.34394073486328,55.49169921875,114.11302185058594,0.5358453392982483
2506,333.39599609375,283.7919387817383,85.12335205078125,224.25450134277344,0.44556331634521484
2507,334.2794952392578,237.70465850830078,61.430511474609375,115.86381530761719,0.7150047421455383
2508,330.89495849609375,236.6484832763672,55.25634765625,115.65213012695312,0.6151806116104126
2509,325.8761901855469,233.7659683227539,52.20098876953125,115.11729431152344,0.7271466255187988
2510,324.81695556640625,228.0584945678711,56.02880859375,118.05256652832031,0.6819859743118286
2511,323.5989685058594,224.91748046875,57.34063720703125,120.87384033203125,0.7862747311592102
2512,325.099853515625,223.1052703857422,55.6822509765625,122.64480590820312,0.7391151785850525
2513,329.84588623046875,222.214599609375,50.2509765625,120.3736572265625,0.6968265175819397
2514,333.5218505859375,218.6507339477539,43.1302490234375,118.33708190917969,0.725038468837738
2515,322.68296813964844,218.52642059326172,53.860260009765625,121.39668273925781,0.6883581876754761
2516,317.0139465332031,214.397216796875,52.60919189453125,117.10028076171875,0.6853166222572327
2517,317.7564392089844,212.25531768798828,52.05548095703125,118.68693542480469,0.7329829931259155
2518,317.94517517089844,209.44439697265625,53.143646240234375,118.17449951171875,0.8651756644248962
2519,321.80157470703125,207.88320922851562,58.2578125,122.42974853515625,0.7325765490531921
2520,325.8772430419922,205.3921127319336,62.146575927734375,125.16468811035156,0.7375524640083313
2521,326.63706970214844,229.86962127685547,61.095306396484375,160.52723693847656,0.533467173576355
2522,321.60264587402344,223.338623046875,60.380462646484375,142.03582763671875,0.6428613066673279
2523,319.6531677246094,215.61758422851562,55.83612060546875,136.4520263671875,0.48596277832984924
2524,310.0826110839844,212.8390655517578,45.93341064453125,124.33572387695312,0.7060986161231995
2525,310.3447723388672,218.01238250732422,55.216217041015625,129.8852081298828,0.6380999684333801
2526,308.4996643066406,216.06562042236328,56.61651611328125,124.04618835449219,0.7315130829811096
2527,231.86338806152344,430.1997528076172,73.13760375976562,159.28683471679688,0.7346620559692383
2528,225.9388885498047,409.5958709716797,66.98452758789062,171.53042602539062,0.8551507592201233
2529,215.5323028564453,392.047119140625,67.51083374023438,175.9107666015625,0.84122633934021
2530,211.63368225097656,351.922607421875,65.50372314453125,144.7398681640625,0.7991418242454529
2531,205.34772491455078,375.13128662109375,67.63139343261719,234.619384765625,0.799237072467804
2532,202.11286163330078,331.4225082397461,67.84980773925781,183.5441436767578,0.5150670409202576
2533,203.34112548828125,295.2447052001953,57.682403564453125,146.22848510742188,0.8104370832443237
2534,200.7666473388672,286.4924774169922,54.181549072265625,155.14315795898438,0.7605286240577698
2535,194.33790588378906,261.7066955566406,56.125701904296875,141.03155517578125,0.7594954967498779
2536,189.7516860961914,252.2509307861328,58.67201232910156,148.80203247070312,0.8089367747306824
2537,186.82830047607422,239.9228744506836,59.32768249511719,150.4069366455078,0.7929633855819702
2538,344.59747314453125,221.61083984375,52.95849609375,121.79241943359375,0.8083061575889587
2539,181.11005401611328,210.46795654296875,49.56587219238281,138.97216796875,0.8367242217063904
2540,172.044921875,193.967041015625,44.94580078125,126.50048828125,0.7498835921287537
2541,166.89561462402344,183.60882186889648,45.336151123046875,128.59552764892578,0.8247727155685425
2542,161.2151870727539,178.85577392578125,41.90269470214844,131.01345825195312,0.850735604763031
2543,158.7340087890625,161.62730407714844,39.55499267578125,120.2982177734375,0.7943793535232544
2544,155.91414642333984,155.0809555053711,40.89045715332031,123.03446960449219,0.8580281138420105
2545,152.6975326538086,148.33771896362305,42.24311828613281,120.7354507446289,0.8194832801818848
2546,151.02923583984375,148.3587875366211,42.51043701171875,121.94813537597656,0.8529111742973328
2547,149.96880340576172,149.1739616394043,41.77763366699219,124.65363311767578,0.8223896622657776
2548,150.5828857421875,145.37224578857422,40.251129150390625,128.39418029785156,0.8233023881912231
2549,153.01336669921875,134.5813980102539,37.1722412109375,118.16978454589844,0.5384237766265869
2550,153.6235809326172,128.1080780029297,34.74853515625,116.1734619140625,0.5655658841133118
2551,360.4809112548828,233.9793930053711,54.891204833984375,146.24366760253906,0.5693583488464355
2552,154.267333984375,107.7664566040039,31.69403076171875,104.69099426269531,0.6085648536682129
2553,,,,,0.0
2554,,,,,0.0
2555,,,,,0.0
2556,,,,,0.0
2557,,,,,0.0
2558,,,,,0.0
2559,,,,,0.0
2560,347.1536102294922,246.17800903320312,50.843475341796875,122.323486328125,0.43208593130111694
2561,357.81382751464844,240.54544067382812,57.666595458984375,122.362548828125,0.3469165861606598
2562,,,,,0.0
2563,,,,,0.0
2564,,,,,0.0
2565,,,,,0.0
2566,,,,,0.0
2567,393.7001495361328,320.5581359863281,67.24960327148438,125.56378173828125,0.26239365339279175
2568,326.73809814453125,238.4723663330078,44.39697265625,133.61117553710938,0.42809540033340454
2569,318.3378143310547,229.84343719482422,47.720428466796875,148.62745666503906,0.7148266434669495
2570,385.2612609863281,321.79638671875,53.49664306640625,124.2562255859375,0.5891810059547424
2571,320.7545471191406,239.60302734375,39.47442626953125,127.41064453125,0.7076809406280518
2572,323.2181396484375,238.72144317626953,35.1903076171875,128.26011657714844,0.5285173654556274
2573,329.70372009277344,238.1985855102539,39.643463134765625,123.46104431152344,0.6065683364868164
2574,333.4924774169922,239.41126251220703,42.010955810546875,124.81138610839844,0.7439751029014587
2575,332.74986267089844,240.62515258789062,58.253509521484375,126.94110107421875,0.572072446346283
2576,334.07386779785156,241.1097183227539,70.20809936523438,119.49137878417969,0.47655895352363586
2577,327.2015075683594,248.1683349609375,45.86651611328125,110.82440185546875,0.42694759368896484
2578,332.2260284423828,259.5542984008789,49.736541748046875,119.20732116699219,0.7521325945854187
2579,328.51971435546875,259.96996307373047,43.5029296875,125.18104553222656,0.7370733022689819
2580,494.806396484375,316.7236785888672,33.33367919921875,132.15469360351562,0.48671427369117737
2581,326.3272399902344,267.1071243286133,40.314453125,105.00077819824219,0.4271990954875946
2582,330.37049865722656,261.80918884277344,40.431060791015625,110.67471313476562,0.694879412651062
2583,330.9492645263672,259.61544036865234,44.331024169921875,119.04902648925781,0.6690623164176941
2584,475.1619110107422,174.44368267059326,73.67617797851562,302.050256729126,0.2706261873245239
2585,496.90953063964844,250.26447296142578,29.356353759765625,140.6963348388672,0.5630782246589661
2586,,,,,0.0
2587,329.27577209472656,291.6344299316406,42.453216552734375,166.75390625,0.2780383825302124
2588,342.4692840576172,270.0776901245117,52.303497314453125,145.1886749267578,0.3527778387069702
2589,346.0248260498047,255.05852508544922,41.587188720703125,112.44380187988281,0.5493665337562561
2590,346.3302307128906,255.52865600585938,43.12713623046875,112.53936767578125,0.687271773815155
2591,345.8885192871094,254.9791259765625,42.11602783203125,114.654296875,0.7831209897994995
2592,339.34649658203125,254.8444366455078,53.6962890625,121.38845825195312,0.6381609439849854
2593,328.59165954589844,255.45516967773438,50.467864990234375,120.1611328125,0.6369057297706604
2594,342.4893035888672,254.7775421142578,41.858673095703125,117.17098999023438,0.6011956334114075
2595,332.7041320800781,254.84922790527344,55.40338134765625,117.69473266601562,0.6843632459640503
2596,332.25018310546875,254.33490753173828,57.6591796875,118.09306335449219,0.6715331077575684
2597,331.7638702392578,253.95004272460938,57.278411865234375,117.4755859375,0.72862309217453
2598,330.2462921142578,256.6450653076172,55.828582763671875,115.67483520507812,0.6523869633674622
2599,326.8626403808594,263.8618927001953,49.61749267578125,99.99447631835938,0.5619633197784424
2600,329.23057556152344,264.1673583984375,38.737152099609375,92.65777587890625,0.6682884693145752
2601,327.0966339111328,264.41101837158203,43.495819091796875,98.80357360839844,0.696619987487793
2602,328.5827178955078,262.3520278930664,55.089996337890625,118.72441101074219,0.8188427090644836
2603,331.1700134277344,262.94420623779297,56.62701416015625,128.95130920410156,0.782232403755188
2604,326.7769470214844,267.3351058959961,38.53057861328125,113.87226867675781,0.6526020169258118
2605,327.9054718017578,268.2149887084961,38.846588134765625,116.13301086425781,0.6453560590744019
2606,358.1338348388672,266.2782211303711,47.314056396484375,114.76631164550781,0.6386474967002869
2607,350.88673400878906,268.779541015625,62.369476318359375,122.86865234375,0.6647468209266663
2608,348.6521911621094,265.1299743652344,56.728515625,130.546875,0.6516284346580505
2609,342.1861877441406,261.2938766479492,49.182861328125,137.6498565673828,0.6010708808898926
2610,336.2522430419922,260.8930358886719,43.154876708984375,139.747802734375,0.6470022797584534
2611,408.423095703125,325.8482971191406,48.6104736328125,120.29278564453125,0.7279413342475891
2612,335.5309143066406,261.0041961669922,44.36474609375,139.76596069335938,0.6805222630500793
2613,334.989013671875,261.78184509277344,44.51727294921875,137.19180297851562,0.5981001257896423
2614,268.76792907714844,318.4742736816406,62.835357666015625,143.04669189453125,0.7154406309127808
2615,266.77465057373047,295.6144027709961,64.83631896972656,135.14344787597656,0.8117632269859314
2616,268.1426696777344,278.1842803955078,62.67919921875,122.24826049804688,0.7117977738380432
2617,275.82395935058594,269.5463180541992,55.299224853515625,136.82911682128906,0.7118133902549744
2618,204.8122787475586,344.1817626953125,62.68135070800781,141.92779541015625,0.7817718982696533
2619,279.6688995361328,246.42049407958984,39.865325927734375,129.5758819580078,0.7388314604759216
2620,191.1364974975586,317.36693572998047,59.41059875488281,145.26893615722656,0.7477084398269653
2621,334.4993133544922,268.4310836791992,49.644134521484375,124.12178039550781,0.6966930627822876
2622,199.95012664794922,281.2015838623047,56.97554016113281,125.58023071289062,0.6975507140159607
2623,200.36062622070312,275.97560119628906,56.9093017578125,135.27670288085938,0.786030650138855
2624,202.2919692993164,266.1047058105469,56.99742126464844,138.11151123046875,0.7572038173675537
2625,306.04205322265625,196.5674057006836,45.118408203125,115.48286437988281,0.6428245902061462
2626,416.23838806152344,323.9502716064453,62.361480712890625,131.94277954101562,0.5264063477516174
2627,321.74327087402344,217.5276336669922,44.086822509765625,194.18417358398438,0.6498987078666687
2628,232.00957489013672,224.45226287841797,31.626663208007812,110.89369201660156,0.7047774791717529
2629,234.8542938232422,222.1343765258789,35.013275146484375,116.67082214355469,0.687252938747406
2630,229.9517822265625,216.61988067626953,52.72052001953125,123.88536071777344,0.7880722880363464
2631,238.3863754272461,205.844482421875,29.678604125976562,122.55438232421875,0.6815726161003113
2632,306.50164794921875,154.2622947692871,56.4462890625,106.80213165283203,0.8030133843421936
2633,325.1424560546875,259.2495651245117,42.29278564453125,116.70185852050781,0.785295307636261
2634,294.6944885253906,145.0279769897461,37.80767822265625,100.28129577636719,0.710213303565979
2635,273.95556640625,186.4176483154297,44.14776611328125,110.27890014648438,0.7055536508560181
2636,269.6017074584961,181.83480072021484,49.74336242675781,120.98869323730469,0.7260333299636841
2637,278.6166000366211,167.3499298095703,57.30781555175781,140.13125610351562,0.71595299243927
2638,336.30126953125,269.5783920288086,62.6038818359375,165.54237365722656,0.69809889793396
2639,284.5602569580078,158.19522857666016,45.714385986328125,139.14085388183594,0.652291476726532
2640,288.6944580078125,152.24377822875977,43.5355224609375,136.8917465209961,0.809201717376709
2641,344.6349639892578,250.74110412597656,38.691497802734375,118.80752563476562,0.6244078278541565
2642,302.0994110107422,163.1280517578125,36.320404052734375,113.88735961914062,0.8020501732826233
2643,298.1750030517578,154.80349349975586,39.250579833984375,109.81839752197266,0.7835302352905273
2644,344.23358154296875,252.97501373291016,49.5517578125,121.72245788574219,0.6501303911209106
2645,345.6344299316406,252.5511703491211,47.97900390625,122.45423889160156,0.65656977891922
2646,405.07891845703125,319.8282012939453,52.643798828125,131.99349975585938,0.6599660515785217
2647,404.1836853027344,319.7816467285156,47.4697265625,131.54083251953125,0.6891196370124817
2648,343.2094268798828,251.4977035522461,49.780792236328125,122.59046936035156,0.7311593890190125
2649,337.2819366455078,252.81476593017578,58.662017822265625,120.15916442871094,0.68548184633255
2650,335.36912536621094,252.91802978515625,57.006011962890625,120.36181640625,0.7077294588088989
2651,400.7906951904297,320.8004913330078,48.355926513671875,129.77774047851562,0.7375296354293823
2652,402.525634765625,322.1938934326172,50.9862060546875,121.47683715820312,0.7674294114112854
2653,405.6292419433594,326.85400390625,44.748046875,112.2987060546875,0.6442487835884094
2654,340.8247528076172,250.96932983398438,48.157623291015625,126.4820556640625,0.6132348775863647
2655,404.44696044921875,331.4868621826172,51.11572265625,100.41439819335938,0.6766363978385925
2656,404.79612731933594,328.7595672607422,52.391937255859375,105.11923217773438,0.4765995740890503
2657,341.0409698486328,260.3397445678711,52.202056884765625,140.12098693847656,0.5790185928344727
2658,341.8809051513672,270.0461883544922,48.487640380859375,153.07266235351562,0.6104257702827454
2659,340.63121032714844,249.4812774658203,52.748138427734375,110.22451782226562,0.5017570853233337
2660,344.3753356933594,263.9806213378906,45.1064453125,139.2611083984375,0.4993823170661926
2661,323.0719757080078,256.4008331298828,37.419708251953125,115.58291625976562,0.4714520275592804
2662,321.5349426269531,256.6643371582031,35.12451171875,114.2822265625,0.6821661591529846
2663,321.9255065917969,256.3070831298828,34.25262451171875,114.64028930664062,0.6576613783836365
2664,399.2876892089844,316.9534225463867,47.72900390625,132.0175323486328,0.6259854435920715
2665,346.1461944580078,251.72205352783203,51.757415771484375,122.17076110839844,0.7187774181365967
2666,324.4964294433594,257.586669921875,36.5771484375,113.12615966796875,0.6921123266220093
2667,326.91162109375,256.8739700317383,44.44464111328125,118.03446960449219,0.5934643745422363
2668,322.30125427246094,260.8367691040039,43.448089599609375,119.59336853027344,0.7021410465240479
2669,321.4042510986328,259.8179168701172,43.110137939453125,121.91317749023438,0.8463583588600159
2670,321.6322784423828,260.3935546875,44.199066162109375,118.06866455078125,0.7362760305404663
2671,321.614013671875,259.6094665527344,48.0677490234375,115.29345703125,0.47056543827056885
2672,318.2280731201172,261.0355911254883,49.060638427734375,119.78074645996094,0.33535587787628174
2673,319.788818359375,261.87796783447266,55.00213623046875,117.60801696777344,0.5087569355964661
2674,321.22802734375,259.8275833129883,47.8343505859375,119.62351989746094,0.4493502080440521
2675,329.34226989746094,256.0390167236328,50.202239990234375,118.51205444335938,0.6092401146888733
2676,326.86509704589844,257.0386276245117,47.879241943359375,120.31056213378906,0.6117842793464661
2677,322.3385925292969,257.7076873779297,42.13336181640625,118.85848999023438,0.6746841669082642
2678,321.832275390625,257.6425247192383,38.8536376953125,114.59806823730469,0.6906377077102661
2679,320.26670837402344,258.8938903808594,38.596282958984375,116.86944580078125,0.6905431747436523
2680,319.1981658935547,258.1373748779297,39.564605712890625,113.89755249023438,0.598850667476654
2681,229.3982162475586,438.0124053955078,75.79261779785156,144.46023559570312,0.7111321687698364
2682,225.39663696289062,427.957763671875,65.97821044921875,157.13507080078125,0.8273605108261108
2683,219.0403289794922,416.1988830566406,62.955810546875,173.31524658203125,0.7978951334953308
2684,216.4282455444336,406.4604034423828,67.26380920410156,190.30984497070312,0.840926468372345
2685,214.1106414794922,384.8273162841797,61.553131103515625,171.84555053710938,0.8675358295440674
2686,209.7835464477539,376.6606903076172,60.26551818847656,194.41622924804688,0.8140323758125305
2687,207.13970184326172,340.00209045410156,61.63377380371094,147.46347045898438,0.8163877725601196
2688,204.8888702392578,333.2087860107422,54.907012939453125,151.52072143554688,0.8700571060180664
2689,201.53672790527344,313.4120330810547,56.204315185546875,141.64028930664062,0.8182731866836548
2690,199.5114288330078,301.53208923339844,52.864837646484375,140.52139282226562,0.826384961605072
2691,202.6708755493164,295.5439987182617,53.30155944824219,146.9084014892578,0.8766123056411743
2692,205.4721450805664,283.0896530151367,52.36747741699219,144.90577697753906,0.8366303443908691
2693,207.1515655517578,269.6291046142578,50.348388671875,132.14523315429688,0.8546067476272583
2694,209.48505401611328,265.09814453125,51.67082214355469,136.87969970703125,0.7695462107658386
2695,212.4649887084961,259.7074966430664,50.81562805175781,136.09532165527344,0.7527671456336975
2696,334.0047302246094,285.3588638305664,35.67889404296875,125.36869812011719,0.5727214217185974
2697,308.458251953125,291.9747009277344,55.6954345703125,126.31414794921875,0.7804917097091675
2698,469.6859436035156,163.4027328491211,43.04669189453125,104.10420227050781,0.5795099139213562
2699,394.5209503173828,325.2640686035156,35.897857666015625,112.83184814453125,0.465935617685318
2700,301.0373077392578,288.55491638183594,45.775177001953125,125.36709594726562,0.48141366243362427
2701,306.36834716796875,284.6147918701172,43.79638671875,125.97732543945312,0.6045787930488586
2702,308.80169677734375,281.2534637451172,44.354736328125,120.03164672851562,0.5144624710083008
2703,499.19883728027344,239.06885528564453,25.527923583984375,111.51573181152344,0.611992597579956
2704,303.9369659423828,285.7682571411133,56.080291748046875,133.71287536621094,0.674842119216919
2705,305.0249481201172,286.48011779785156,55.125091552734375,133.27548217773438,0.6518099904060364
2706,304.9244689941406,286.35509490966797,54.8056640625,132.25282287597656,0.6495083570480347
2707,306.33056640625,286.3107452392578,52.90203857421875,132.20498657226562,0.5088942646980286
2708,305.928466796875,286.4866409301758,52.045654296875,135.62327575683594,0.5576268434524536
2709,124.6476058959961,204.85528564453125,30.222549438476562,119.31512451171875,0.5307171940803528
2710,411.165771484375,317.25719451904297,68.2493896484375,130.28871154785156,0.25020888447761536
2711,113.82144927978516,222.00470733642578,37.16108703613281,107.96751403808594,0.6821439266204834
2712,416.45509338378906,317.8499069213867,75.80038452148438,132.0568389892578,0.5131556987762451
2713,129.70523834228516,181.1495361328125,30.984603881835938,121.57431030273438,0.5579417943954468
2714,125.69535827636719,193.6178436279297,34.6357421875,113.77578735351562,0.7802781462669373
2715,121.170654296875,196.92700958251953,39.054718017578125,112.91862487792969,0.7369727492332458
2716,237.181640625,236.30648803710938,51.78363037109375,133.4326171875,0.7620644569396973
2717,237.8642120361328,229.18590545654297,51.885467529296875,135.05360412597656,0.7602348923683167
2718,240.6839370727539,215.61495208740234,48.04179382324219,118.22969055175781,0.7179930806159973
2719,247.5346221923828,210.2151641845703,46.659881591796875,127.39590454101562,0.8332830667495728
2720,252.969482421875,203.71817779541016,44.080078125,129.3685760498047,0.8486104607582092
2721,257.5939407348633,192.23436737060547,43.31571960449219,121.41496276855469,0.8977003693580627
2722,257.9654998779297,188.19829940795898,42.429840087890625,125.58673858642578,0.890773594379425
2723,254.81298828125,181.9062728881836,40.65948486328125,125.76869201660156,0.8586764931678772
2724,252.20946502685547,171.57170486450195,40.79335021972656,123.99834442138672,0.8705780506134033
2725,251.08037567138672,164.80975341796875,43.74513244628906,122.66067504882812,0.872888445854187
2726,249.900390625,160.29750061035156,42.706787109375,126.7281494140625,0.8868563175201416
2727,245.69579315185547,153.72270584106445,39.16444396972656,124.8099594116211,0.8712201118469238
2728,242.3286590576172,144.9763946533203,35.193756103515625,114.67349243164062,0.8828244209289551
2729,239.00732421875,142.88408279418945,36.39727783203125,116.95259857177734,0.8634546399116516
2730,234.7115478515625,137.74216079711914,36.8681640625,116.5714340209961,0.8827687501907349
2731,231.22470092773438,128.46836853027344,33.62939453125,111.6343994140625,0.8719278573989868
2732,230.8263168334961,126.25499725341797,33.82872009277344,119.08039855957031,0.8107767701148987
2733,232.8272476196289,118.67237854003906,34.95323181152344,117.30276489257812,0.816985547542572
2734,232.9300537109375,104.6874885559082,36.40631103515625,107.26717376708984,0.8194862008094788
2735,233.10320281982422,105.00468635559082,32.78861999511719,110.78478622436523,0.7948330640792847
2736,230.046630859375,96.19788360595703,33.756256103515625,106.85292053222656,0.8761409521102905
2737,230.020263671875,87.43380928039551,34.098236083984375,102.63607406616211,0.7936031222343445
2738,229.341552734375,87.79781723022461,32.611236572265625,100.9588394165039,0.8598991632461548
2739,340.7352600097656,264.3606872558594,62.62420654296875,136.01190185546875,0.7327554821968079
2740,341.0271453857422,264.9911880493164,62.736419677734375,135.09263610839844,0.7337560057640076
2741,340.65594482421875,264.78839111328125,61.955078125,135.86328125,0.7240184545516968
2742,340.8062438964844,264.16246032714844,61.99395751953125,137.15847778320312,0.7337304353713989
2743,340.4567108154297,264.3705139160156,61.790252685546875,136.6484375,0.699881374835968
2744,336.79931640625,264.4593505859375,57.35614013671875,136.509521484375,0.6783806085586548
2745,334.42076110839844,269.7773971557617,52.088226318359375,126.34638977050781,0.6619114875793457
2746,333.7113037109375,269.9029312133789,50.8448486328125,126.10728454589844,0.6758633852005005
2747,337.17950439453125,266.7972106933594,55.671142578125,131.61114501953125,0.6547459959983826
2748,340.66444396972656,268.8527297973633,60.321868896484375,127.69657897949219,0.6915411353111267
2749,130.22956466674805,182.2639389038086,33.23139190673828,94.76103210449219,0.8061544895172119
2750,129.363037109375,197.5545654296875,31.17919921875,100.639404296875,0.772481381893158
2751,341.643310546875,268.9167785644531,62.03021240234375,128.310302734375,0.6854013204574585
2752,340.8317565917969,269.2159118652344,62.22576904296875,127.27685546875,0.6242266297340393
2753,335.50994873046875,269.3273468017578,55.06640625,126.98690795898438,0.5547196865081787
2754,106.7161750793457,241.7470703125,38.313865661621094,114.46075439453125,0.7434348464012146
2755,99.23452758789062,251.9345245361328,37.583282470703125,113.47946166992188,0.7183616161346436
2756,340.2483825683594,268.8554229736328,63.41192626953125,127.85031127929688,0.6665575504302979
2757,340.1649627685547,268.7336883544922,63.473846435546875,128.24649047851562,0.6755905747413635
2758,340.3196716308594,268.87256622314453,63.17413330078125,127.73741149902344,0.7013477683067322
2759,340.30491638183594,268.69525146484375,62.964019775390625,127.93682861328125,0.7046469449996948
2760,339.8134002685547,267.7388458251953,62.383941650390625,129.22085571289062,0.700562059879303
2761,339.9099884033203,266.9416275024414,61.667022705078125,130.72251892089844,0.688838541507721
2762,339.9826202392578,267.8167419433594,61.175506591796875,129.0224609375,0.6721011996269226
2763,339.372314453125,268.2724075317383,58.98516845703125,128.1357879638672,0.6558645963668823
2764,339.68359375,268.1593017578125,60.40478515625,128.54949951171875,0.6693819761276245
2765,335.0876007080078,268.60768127441406,53.927581787109375,128.20248413085938,0.6536580920219421
2766,334.73553466796875,269.4752655029297,53.61328125,126.61434936523438,0.6007153391838074
2767,339.77154541015625,269.2302703857422,59.975830078125,127.06625366210938,0.6380493640899658
2768,340.1550750732422,269.40464782714844,59.834442138671875,126.29434204101562,0.6905079483985901
2769,341.2039794921875,269.61781311035156,62.00732421875,126.10556030273438,0.6747901439666748
2770,336.5036163330078,269.7140655517578,52.599884033203125,126.33810424804688,0.6676477193832397
2771,339.6980438232422,269.4591598510742,58.843536376953125,126.40602111816406,0.6622307300567627
2772,339.3411102294922,269.5973358154297,58.656646728515625,126.82608032226562,0.5996372699737549
2773,340.2908172607422,269.62550354003906,47.374237060546875,125.15780639648438,0.5744203329086304
2774,336.9549255371094,270.1714859008789,52.30712890625,124.69999694824219,0.5360916256904602
2775,337.43382263183594,270.1158752441406,53.144378662109375,124.514404296875,0.4642612338066101
2776,337.7714080810547,270.1367721557617,53.276031494140625,125.52558898925781,0.4737633764743805
2777,339.1623077392578,269.6387252807617,52.194244384765625,124.94288635253906,0.5716343522071838
2778,346.6840057373047,270.47837829589844,51.325592041015625,124.90078735351562,0.5552409291267395
2779,341.6315155029297,288.03138732910156,68.06466674804688,164.93905639648438,0.5242324471473694
2780,147.78287506103516,158.31889724731445,34.70256042480469,108.3438949584961,0.8093884587287903
2781,144.9163360595703,175.3108367919922,37.704010009765625,118.30908203125,0.6747081875801086
2782,140.14605712890625,187.2247200012207,38.4931640625,119.50286102294922,0.8266856074333191
2783,142.14922332763672,192.15764617919922,39.70967102050781,113.67671203613281,0.806346595287323
2784,148.6429214477539,213.50656127929688,39.50370788574219,124.42333984375,0.5947906970977783
2785,148.29813385009766,224.81991577148438,49.30110168457031,127.9619140625,0.7302498817443848
2786,147.05910873413086,239.04666137695312,58.48682403564453,126.452392578125,0.7351392507553101
2787,148.3527069091797,261.5252685546875,57.14501953125,135.52655029296875,0.7561304569244385
2788,152.0103302001953,266.3292922973633,53.505523681640625,122.44578552246094,0.7925002574920654
2789,159.3040771484375,291.6382598876953,53.35687255859375,138.17892456054688,0.7294678092002869
2790,341.1710510253906,269.2929382324219,62.078125,127.462158203125,0.5730631947517395
2791,169.2586898803711,319.5663146972656,61.88081359863281,126.240234375,0.7103155851364136
2792,340.6035614013672,269.18456268310547,61.368255615234375,127.22206115722656,0.5804831385612488
2793,340.9436950683594,269.3805236816406,61.72589111328125,126.975341796875,0.6578790545463562
2794,341.04310607910156,269.1671905517578,62.161712646484375,126.62051391601562,0.6070446372032166
2795,340.9916076660156,269.6345672607422,62.21551513671875,126.02993774414062,0.579082190990448
2796,341.5415496826172,269.4565887451172,62.267791748046875,126.56924438476562,0.5861597061157227
2797,341.62060546875,269.5331497192383,62.5570068359375,126.52909851074219,0.5739532709121704
2798,341.4722595214844,269.1376419067383,62.08868408203125,125.99900817871094,0.647867739200592
2799,341.1581573486328,267.8965606689453,62.092864990234375,128.91201782226562,0.6137982606887817
2800,334.4030456542969,267.610595703125,51.16632080078125,129.42254638671875,0.5768615007400513
2801,340.50596618652344,267.97533416748047,61.948822021484375,129.7160186767578,0.5545798540115356
2802,340.5546875,269.05128479003906,59.3135986328125,130.43173217773438,0.5272036790847778
2803,344.0980224609375,268.1339797973633,52.4913330078125,125.99882507324219,0.5264933705329895
2804,332.8253173828125,267.9111862182617,53.8570556640625,129.11085510253906,0.7504615187644958
2805,333.9569549560547,271.72606658935547,59.605621337890625,139.67140197753906,0.7238399982452393
2806,327.3157653808594,275.86791229248047,59.65557861328125,135.07069396972656,0.6383098363876343
2807,336.8376922607422,280.4111862182617,68.54122924804688,130.83473205566406,0.6368211507797241
2808,370.9407958984375,168.74909210205078,43.605224609375,112.22953796386719,0.5801072120666504
2809,360.593017578125,155.9104995727539,39.72802734375,100.79414367675781,0.8372904062271118
2810,354.6956024169922,150.3651351928711,35.486175537109375,107.60517883300781,0.6873047947883606
2811,354.2628936767578,148.0711326599121,36.442657470703125,109.94580841064453,0.7834332585334778
2812,354.71006774902344,146.6999626159668,40.829681396484375,112.31452178955078,0.7282037734985352
2813,355.28916931152344,145.93499755859375,40.485504150390625,114.08370971679688,0.7825031876564026
2814,355.72998046875,139.46500778198242,38.1734619140625,114.1358413696289,0.6966642141342163
2815,357.078369140625,315.2903747558594,29.8524169921875,52.47735595703125,0.7539641261100769
2816,296.5774841308594,297.0155792236328,44.02069091796875,120.08895874023438,0.6113461852073669
2817,294.61785888671875,296.6548309326172,44.92138671875,121.41958618164062,0.6003887057304382
2818,295.5912628173828,296.5548858642578,46.567901611328125,123.20956420898438,0.7133238315582275
2819,296.6374816894531,295.7503433227539,46.44769287109375,121.00865173339844,0.6426855325698853
2820,297.76080322265625,295.80149841308594,49.087646484375,122.18740844726562,0.6007829308509827
2821,295.0165557861328,296.0802307128906,45.152740478515625,120.47540283203125,0.6729462742805481
2822,295.7353973388672,297.5555419921875,45.948944091796875,122.67718505859375,0.6665632128715515
2823,300.55870056152344,295.1592330932617,48.630462646484375,119.25050354003906,0.6913377642631531
2824,299.290283203125,296.2391128540039,45.0732421875,119.03575134277344,0.6257619261741638
2825,300.6729278564453,296.4905319213867,44.636993408203125,119.17970275878906,0.6911068558692932
2826,301.8969421386719,296.8971862792969,42.32330322265625,117.763671875,0.722667932510376
2827,301.4851531982422,297.10914611816406,41.774810791015625,118.17611694335938,0.7616291046142578
2828,301.86244201660156,296.9188003540039,40.108001708984375,117.55430603027344,0.720268964767456
2829,299.1522674560547,296.4751968383789,41.955108642578125,119.44804382324219,0.6953414082527161
2830,296.1702117919922,296.6531219482422,44.308990478515625,119.02481079101562,0.6732037663459778
2831,293.0732421875,297.7336883544922,42.6712646484375,117.75302124023438,0.7473666071891785
2832,290.8037109375,300.8160705566406,42.27972412109375,119.95440673828125,0.7369865775108337
2833,289.8394470214844,302.0641632080078,39.68670654296875,122.07955932617188,0.7107129096984863
2834,287.3551025390625,304.63926696777344,40.7598876953125,123.87734985351562,0.6991320252418518
2835,108.2236099243164,172.87445831298828,12.871994018554688,26.442306518554688,0.5592774748802185
2836,289.123291015625,304.22666931152344,52.95831298828125,115.72647094726562,0.4052467942237854
2837,292.8332824707031,305.2211608886719,42.90850830078125,118.16741943359375,0.6419327259063721
2838,294.93017578125,307.9608383178711,52.3131103515625,123.08515930175781,0.5707235932350159
2839,299.7064208984375,306.7213668823242,48.7557373046875,128.1488800048828,0.7037990093231201
2840,295.1373748779297,309.2303466796875,65.87936401367188,124.81878662109375,0.43155786395072937
2841,302.9007263183594,311.6398468017578,51.4375,123.55874633789062,0.559851348400116
2842,300.7923126220703,321.8680877685547,55.286041259765625,135.37826538085938,0.682325005531311
2843,245.6981430053711,328.3834228515625,26.023635864257812,65.6927490234375,0.7840209007263184
2844,245.76942443847656,328.5667419433594,27.779876708984375,67.53839111328125,0.7975949645042419
2845,244.64434051513672,330.76744079589844,29.324905395507812,66.02426147460938,0.8225612640380859
2846,245.615234375,329.789306640625,30.79443359375,67.10992431640625,0.731622576713562
2847,245.23625946044922,329.11669921875,30.509536743164062,67.6787109375,0.7811168432235718
2848,245.23086547851562,329.33990478515625,30.17529296875,67.541259765625,0.7855538129806519
2849,245.75778198242188,329.5061492919922,29.79315185546875,67.43154907226562,0.7333344221115112
2850,244.58676147460938,330.9427947998047,30.18328857421875,67.27029418945312,0.785121738910675
2851,243.9165802001953,331.046630859375,29.554901123046875,65.0382080078125,0.7858017086982727
2852,243.01087951660156,331.1542053222656,29.846282958984375,64.87939453125,0.8170279860496521
2853,242.250732421875,330.9290771484375,30.1884765625,65.0692138671875,0.8152085542678833
2854,241.88591766357422,330.8430633544922,29.533950805664062,65.15859985351562,0.8273035287857056
2855,241.64950561523438,330.8953552246094,29.06561279296875,65.2119140625,0.8193969130516052
2856,241.44928741455078,330.8289337158203,28.669967651367188,65.11654663085938,0.8058539032936096
2857,241.688232421875,330.60707092285156,29.0810546875,65.51498413085938,0.8180117011070251
2858,244.6659927368164,330.7082061767578,34.88114929199219,65.81649780273438,0.7299732565879822
2859,243.4448013305664,330.6417236328125,31.487350463867188,66.14202880859375,0.7811546325683594
2860,243.82532501220703,331.014404296875,30.271835327148438,65.06219482421875,0.7630589604377747
2861,245.22382354736328,331.24879455566406,33.26884460449219,65.23397827148438,0.8117771744728088
2862,242.3955535888672,330.9929656982422,28.016387939453125,65.06582641601562,0.7923358082771301
2863,242.50287628173828,330.8695373535156,28.198226928710938,65.18084716796875,0.7868829369544983
2864,243.04759979248047,331.018310546875,28.390518188476562,65.1507568359375,0.7923150062561035
2865,246.96807098388672,331.06114196777344,35.26710510253906,65.27108764648438,0.7695609927177429
2866,245.7916030883789,330.6561279296875,32.19120788574219,66.07177734375,0.7971056699752808
2867,247.8993682861328,330.9662170410156,35.738189697265625,65.783203125,0.8184031844139099
2868,244.22956085205078,331.34413146972656,28.474594116210938,64.96420288085938,0.8105536699295044
2869,244.41748046875,331.4647216796875,29.91278076171875,64.59375,0.8009067177772522
2870,243.8527374267578,331.3970031738281,28.594940185546875,64.68902587890625,0.7865200638771057
2871,243.84966278076172,331.41334533691406,28.930679321289062,64.59683227539062,0.8057716488838196
2872,243.6809844970703,331.4892120361328,28.616912841796875,64.34152221679688,0.7855914235115051
2873,243.4918212890625,331.3801574707031,28.175048828125,64.15155029296875,0.7285363078117371
2874,243.2916030883789,331.348876953125,27.957809448242188,64.36834716796875,0.5315043926239014
2875,297.8460998535156,327.8823699951172,46.97967529296875,131.78738403320312,0.6040279269218445
2876,408.11553955078125,328.0012969970703,53.71435546875,135.73178100585938,0.684492826461792
2877,407.3407745361328,328.09326171875,51.811309814453125,136.8768310546875,0.7043914794921875
2878,497.03564453125,358.6343078613281,29.4638671875,135.85552978515625,0.7297366857528687
2879,408.0408172607422,326.5931701660156,54.060455322265625,140.93994140625,0.6737424731254578
2880,247.7857894897461,331.0976867675781,34.72334289550781,65.28631591796875,0.7348430156707764
2881,246.18826293945312,331.00437927246094,30.51763916015625,67.06576538085938,0.7726137042045593
2882,245.8368377685547,330.6288604736328,30.144805908203125,67.00039672851562,0.8206462860107422
2883,245.7916488647461,331.2936706542969,30.259475708007812,68.320068359375,0.8558120131492615
2884,155.14194107055664,316.02429962158203,60.325340270996094,140.10484313964844,0.7766384482383728
2885,148.3945770263672,302.5670471191406,60.498504638671875,144.76104736328125,0.7835060954093933
2886,147.09759521484375,280.0824508666992,56.159027099609375,126.42945861816406,0.7753071188926697
2887,149.8352928161621,271.5220642089844,52.27088165283203,129.09124755859375,0.746331512928009
2888,408.05859375,327.8943786621094,52.93377685546875,134.12042236328125,0.6374034285545349
2889,163.3614273071289,242.96763610839844,52.53706359863281,124.42129516601562,0.7393452525138855
2890,172.8012924194336,234.75265502929688,44.84379577636719,137.41009521484375,0.7698027491569519
2891,407.7238464355469,327.8033752441406,51.42047119140625,136.05010986328125,0.7576252818107605
2892,246.7994613647461,332.2278747558594,26.929153442382812,63.61651611328125,0.7504235506057739
2893,333.9488525390625,166.66573333740234,49.6529541015625,105.30793762207031,0.7699229121208191
2894,208.19242095947266,190.40280151367188,42.85850524902344,107.7587890625,0.8016220927238464
2895,316.67149353027344,159.7049331665039,48.884429931640625,113.94371032714844,0.8300078511238098
2896,309.0163116455078,154.41341400146484,48.636810302734375,113.92799377441406,0.7493410706520081
2897,237.03791046142578,172.42306900024414,46.14378356933594,101.5465316772461,0.8580654263496399
2898,299.2667694091797,151.6349220275879,45.639129638671875,118.6909408569336,0.8471052646636963
2899,298.34942626953125,151.74152374267578,43.6923828125,120.44258117675781,0.8272390961647034
2900,264.1112518310547,162.81471252441406,37.838531494140625,112.50344848632812,0.8140236139297485
2901,242.252197265625,344.6651306152344,31.063232421875,66.82489013671875,0.8075472116470337
2902,298.3485565185547,151.43941497802734,33.341949462890625,108.27326965332031,0.7832682132720947
2903,295.7568817138672,151.5497703552246,35.564666748046875,114.32239532470703,0.717664897441864
2904,277.8677673339844,153.2818374633789,33.96514892578125,109.62339782714844,0.690847635269165
2905,277.9009246826172,404.3634033203125,56.891387939453125,119.1571044921875,0.7230996489524841
2906,275.37542724609375,149.6518783569336,29.37841796875,105.07221984863281,0.6238135695457458
2907,276.01234436035156,134.93010330200195,32.986419677734375,122.73821258544922,0.49322912096977234
2908,273.365966796875,131.08534240722656,38.97869873046875,132.22561645507812,0.5388550162315369
2909,281.4466857910156,135.0135040283203,55.64013671875,143.46401977539062,0.7464941143989563
2910,282.8715057373047,149.3461685180664,41.503326416015625,107.93870544433594,0.7841894030570984
2911,208.6743621826172,159.16912841796875,41.975799560546875,105.96310424804688,0.7104463577270508
2912,214.2366943359375,175.63398361206055,40.981201171875,117.8917007446289,0.7553128600120544
2913,215.50531768798828,179.17440032958984,39.13627624511719,115.83357238769531,0.760188639163971
2914,212.0399169921875,194.24896240234375,41.325439453125,116.97903442382812,0.34435534477233887
2915,146.4409942626953,188.04076385498047,32.077972412109375,106.29743957519531,0.6981787085533142
2916,309.0204620361328,108.46614074707031,31.284820556640625,138.67147827148438,0.33945032954216003
2917,215.88091278076172,225.591552734375,57.43455505371094,134.45672607421875,0.6406375765800476
2918,223.21875,237.1858139038086,52.717926025390625,133.29017639160156,0.6130314469337463
2919,155.663818359375,238.08145141601562,40.180267333984375,98.53778076171875,0.6423883438110352
2920,157.19292449951172,256.4140396118164,36.45967102050781,119.00376892089844,0.7086508870124817
2921,158.30819702148438,260.2272491455078,42.035400390625,106.71719360351562,0.5564591884613037
2922,160.806396484375,284.45240020751953,38.05499267578125,124.87413024902344,0.6114181876182556
2923,234.3125,315.32374572753906,49.35906982421875,150.24349975585938,0.3720400929450989
2924,,,,,0.0
2925,,,,,0.0
2926,,,,,0.0
2927,,,,,0.0
2928,264.3485565185547,410.85829162597656,63.807708740234375,157.75900268554688,0.6557275056838989
2929,284.25721740722656,427.7970275878906,58.420501708984375,146.48388671875,0.3071317672729492
2930,,,,,0.0
2931,,,,,0.0
2932,,,,,0.0
2933,,,,,0.0
2934,,,,,0.0
2935,,,,,0.0
2936,,,,,0.0
2937,,,,,0.0
2938,,,,,0.0
2939,,,,,0.0
2940,,,,,0.0
2941,,,,,0.0
2942,,,,,0.0
2943,,,,,0.0
2944,,,,,0.0
2945,,,,,0.0
2946,,,,,0.0
2947,,,,,0.0
2948,,,,,0.0
2949,,,,,0.0
2950,,,,,0.0
2951,,,,,0.0
2952,,,,,0.0
2953,,,,,0.0
2954,,,,,0.0
2955,,,,,0.0
2956,,,,,0.0
2957,211.3853302001953,186.50831604003906,22.237213134765625,68.4327392578125,0.2914021909236908
2958,209.7383041381836,174.46845245361328,34.26161193847656,111.21855163574219,0.3289451003074646
2959,190.48431396484375,189.2925033569336,41.09442138671875,109.67173767089844,0.5129768252372742
2960,196.14137268066406,181.9416732788086,29.164031982421875,87.54072570800781,0.5754846334457397
2961,,,,,0.0
2962,170.78022003173828,233.85043334960938,51.17012023925781,131.41943359375,0.533423900604248
2963,,,,,0.0
2964,,,,,0.0
2965,123.18082427978516,272.9000473022461,33.78486633300781,119.52754211425781,0.42388787865638733
2966,,,,,0.0
2967,498.452880859375,145.43986892700195,26.7119140625,149.29766082763672,0.5059273838996887
2968,,,,,0.0
2969,,,,,0.0
2970,,,,,0.0
2971,,,,,0.0
2972,494.6543884277344,105.24776458740234,34.69122314453125,210.4955291748047,0.2865263521671295
2973,,,,,0.0
2974,,,,,0.0
2975,,,,,0.0
2976,,,,,0.0
2977,,,,,0.0
2978,,,,,0.0
2979,,,,,0.0
2980,,,,,0.0
2981,,,,,0.0
2982,,,,,0.0
2983,,,,,0.0
2984,,,,,0.0
2985,501.3064422607422,96.38025665283203,21.027740478515625,94.32630920410156,0.34493139386177063
2986,500.7473602294922,98.65619277954102,22.505279541015625,93.26653289794922,0.4097963869571686
2987,500.48545837402344,102.3250961303711,22.967193603515625,94.39335632324219,0.3658542037010193
2988,497.8076171875,100.64330101013184,27.7757568359375,105.79451370239258,0.5810078382492065
2989,,,,,0.0
2990,,,,,0.0
2991,,,,,0.0
2992,,,,,0.0
2993,,,,,0.0
2994,,,,,0.0
2995,490.0846252441406,91.8763427734375,43.83074951171875,183.752685546875,0.3204992413520813
2996,435.3223114013672,434.401123046875,65.88595581054688,155.19775390625,0.5684130191802979
2997,416.8189392089844,382.973388671875,54.45782470703125,136.337890625,0.7556642889976501
2998,400.6065368652344,344.8400421142578,59.74346923828125,166.33633422851562,0.869511604309082
2999,378.52935791015625,303.28125,48.129638671875,140.45831298828125,0.743484377861023
3000,359.4518585205078,273.3966369628906,48.451873779296875,154.66766357421875,0.8654239773750305
3001,343.7845153808594,239.3773956298828,44.75604248046875,122.90475463867188,0.8155199885368347
3002,328.51966857910156,220.93157958984375,45.165130615234375,142.24005126953125,0.809646725654602
3003,308.3187561035156,196.0296401977539,35.134765625,120.14091491699219,0.7923798561096191
3004,285.73016357421875,181.9982452392578,58.86279296875,126.62954711914062,0.8173298239707947
3005,271.3289489746094,168.82314682006836,61.64697265625,126.9161148071289,0.8493556976318359
3006,252.98688507080078,150.76532363891602,35.21702575683594,123.43645477294922,0.8089115023612976
3007,245.2843246459961,149.2300033569336,38.13887023925781,124.57841491699219,0.8144474625587463
3008,237.91851043701172,145.1225814819336,35.24946594238281,131.69850158691406,0.7677212953567505
3009,232.42510223388672,126.31133270263672,30.731399536132812,120.30326843261719,0.8076537847518921
3010,226.88495635986328,125.4374008178711,36.11796569824219,121.48872375488281,0.7933724522590637
3011,221.86688995361328,114.93437004089355,37.87617492675781,120.33252334594727,0.46608179807662964
3012,221.8217315673828,100.80035209655762,42.110504150390625,116.03171157836914,0.709565281867981
3013,221.6547088623047,96.88413429260254,45.049957275390625,115.83567428588867,0.8430536389350891
3014,,,,,0.0
3015,319.8016052246094,452.4711456298828,58.73956298828125,118.58517456054688,0.5219422578811646
3016,310.7972106933594,439.0441436767578,58.4140625,145.37423706054688,0.5388046503067017
3017,304.74305725097656,419.4713897705078,56.561370849609375,165.42520141601562,0.695374071598053
3018,301.04185485839844,386.8364715576172,55.671722412109375,147.57608032226562,0.7448199987411499
3019,293.0345916748047,373.18524169921875,53.831390380859375,158.49853515625,0.8323068022727966
3020,286.91004943847656,338.8856964111328,51.930572509765625,139.47518920898438,0.7913395166397095
3021,281.4777297973633,327.84764862060547,51.44627380371094,150.08241271972656,0.8153913617134094
3022,278.29945373535156,310.8918151855469,49.516693115234375,155.929443359375,0.7472933530807495
3023,273.4058151245117,277.590576171875,46.93605041503906,128.24237060546875,0.801893949508667
3024,268.02354431152344,270.8553695678711,46.674224853515625,142.2140655517578,0.7904608249664307
3025,285.2730484008789,410.6285705566406,69.90855407714844,132.23175048828125,0.8426513671875
3026,281.6791458129883,396.0,70.47441101074219,145.90380859375,0.8543795943260193
3027,276.7463836669922,372.2238311767578,72.23574829101562,147.88192749023438,0.8369482755661011
3028,268.2328186035156,339.0187072753906,60.63848876953125,126.748291015625,0.7939772605895996
3029,260.70630645751953,329.4930419921875,56.20860290527344,141.75189208984375,0.8052594065666199
3030,258.46582794189453,299.31590270996094,56.84580993652344,128.90127563476562,0.8702707886695862
3031,244.2169952392578,172.57071685791016,39.660064697265625,120.47093200683594,0.8688617944717407
3032,260.5768585205078,267.7594528198242,53.576507568359375,129.30958557128906,0.851367712020874
3033,263.7994155883789,251.91473388671875,49.86210632324219,128.6689453125,0.848757803440094
3034,267.2565689086914,239.9271240234375,52.22959899902344,129.69195556640625,0.8798737525939941
3035,250.23346710205078,144.74460220336914,37.20481872558594,114.3026351928711,0.8482103943824768
3036,278.4859390258789,210.8320770263672,48.04747009277344,125.36257934570312,0.8534855246543884
3037,284.7424774169922,193.7061767578125,48.553924560546875,115.48687744140625,0.8589251041412354
3038,287.1703643798828,185.78811264038086,43.611114501953125,120.2889175415039,0.8572964668273926
3039,288.42152404785156,178.0200424194336,40.942474365234375,117.70658874511719,0.88714200258255
3040,239.4336395263672,140.19083404541016,35.556060791015625,118.58268737792969,0.8585498332977295
3041,235.0040283203125,131.58747482299805,36.167083740234375,115.03861236572266,0.8433593511581421
3042,232.1812515258789,127.63068771362305,34.30976867675781,115.24051666259766,0.8521443605422974
3043,285.8354034423828,146.9336166381836,38.244537353515625,107.90333557128906,0.8614659309387207
3044,282.5486297607422,146.06848526000977,40.032135009765625,107.1610336303711,0.8584977984428406
3045,276.6931610107422,143.93035888671875,43.045989990234375,108.96240234375,0.8806425333023071
3046,274.2558059692383,137.8563690185547,42.00877380371094,111.2821044921875,0.8550961017608643
3047,264.0975875854492,131.57375717163086,34.24879455566406,107.55863189697266,0.8268614411354065
3048,258.0382843017578,128.68817901611328,38.029876708984375,109.45634460449219,0.8655139803886414
3049,249.7407684326172,120.7150650024414,40.098907470703125,108.83699035644531,0.8671345114707947
3050,242.3033218383789,113.13639831542969,46.92637634277344,102.14901733398438,0.859005868434906
3051,,,,,0.0
3052,221.2802963256836,92.9522762298584,38.11625671386719,104.4952278137207,0.6678596138954163
3053,215.48489379882812,94.72856140136719,37.89453125,102.30184936523438,0.807767391204834
3054,208.6790771484375,88.21739387512207,37.169281005859375,101.40920639038086,0.6999930739402771
3055,,,,,0.0
3056,,,,,0.0
3057,487.504150390625,125.36071014404297,38.8804931640625,100.56465148925781,0.435263991355896
3058,,,,,0.0
3059,487.40631103515625,138.09772872924805,43.9013671875,104.66571807861328,0.3795502781867981
3060,476.40684509277344,142.5963134765625,52.473236083984375,101.0660400390625,0.42036768794059753
3061,252.1728744506836,169.33338165283203,28.194290161132812,67.88212585449219,0.29049572348594666
3062,256.54014587402344,164.74029541015625,38.918365478515625,117.07028198242188,0.5385685563087463
3063,258.9775924682617,172.06707382202148,46.10517883300781,122.69635772705078,0.7799970507621765
3064,261.3406066894531,180.06839752197266,47.956787109375,122.57991027832031,0.8319532871246338
3065,263.2087707519531,198.9244842529297,46.94091796875,132.45816040039062,0.7660083770751953
3066,263.1811294555664,201.69857788085938,51.01158142089844,132.87054443359375,0.7942650318145752
3067,263.60950469970703,215.37413024902344,53.04478454589844,129.34597778320312,0.7682080864906311
3068,266.8000030517578,234.1343231201172,50.197662353515625,139.18466186523438,0.6968362331390381
3069,441.5914611816406,165.7545280456543,34.75927734375,98.99689483642578,0.33816373348236084
3070,270.5350112915039,264.3645935058594,54.95243835449219,145.82855224609375,0.6211520433425903
3071,270.0016555786133,277.2525405883789,55.18797302246094,140.37120056152344,0.6952803730964661
3072,271.7093200683594,282.00230407714844,55.53466796875,132.72402954101562,0.7217546701431274
3073,273.4073257446289,308.6011199951172,52.74247741699219,152.05996704101562,0.7383212447166443
3074,275.4023666381836,323.2513885498047,57.17396545410156,147.65902709960938,0.5858359336853027
3075,275.4186706542969,343.88409423828125,62.541015625,152.59619140625,0.5637705326080322
3076,368.5079650878906,173.9653778076172,45.44171142578125,86.64404296875,0.5428685545921326
3077,271.8377227783203,375.8805847167969,64.08016967773438,151.00640869140625,0.7221285700798035
3078,358.3787384033203,165.78273010253906,28.445831298828125,104.6383056640625,0.7833073735237122
3079,343.0801696777344,163.21154403686523,43.624755859375,109.43061065673828,0.7153751254081726
3080,282.4076843261719,440.32098388671875,70.30419921875,139.5045166015625,0.6973864436149597
3081,331.2514190673828,159.00293350219727,35.570526123046875,105.99346160888672,0.6973910927772522
3082,321.612060546875,159.4549331665039,44.4566650390625,106.91929626464844,0.7101448774337769
3083,317.8459777832031,158.49419021606445,36.511962890625,104.07891082763672,0.763979971408844
3084,316.820068359375,158.30221939086914,34.2100830078125,105.25463104248047,0.855396032333374
3085,316.9794464111328,158.55495834350586,34.865325927734375,105.7815933227539,0.8652554154396057
3086,316.9755859375,158.5239486694336,35.1195068359375,105.73579406738281,0.8565682768821716
3087,317.40625,158.1521987915039,35.9232177734375,106.33280944824219,0.8671530485153198
3088,317.7567901611328,157.45516204833984,36.001251220703125,107.86628723144531,0.8463964462280273
3089,318.2805633544922,157.38454818725586,37.302032470703125,107.78247833251953,0.7848463654518127
3090,321.2501983642578,157.37065505981445,38.460906982421875,107.6529769897461,0.6950188875198364
3091,321.51629638671875,156.9615936279297,39.181640625,108.16464233398438,0.603568971157074
3092,,,,,0.0
3093,,,,,0.0
3094,307.9940643310547,161.4352035522461,50.819793701171875,98.99403381347656,0.7783917188644409
3095,306.1570281982422,155.79086685180664,51.003326416015625,113.64653778076172,0.8290417194366455
3096,302.73008728027344,154.54842376708984,51.350494384765625,111.72785949707031,0.8623079657554626
3097,297.4407196044922,151.8720474243164,41.555389404296875,108.20591735839844,0.8676131367683411
3098,292.46051025390625,151.00760650634766,31.841552734375,106.31999206542969,0.8311532735824585
3099,290.384765625,150.35828399658203,32.97900390625,106.57878112792969,0.8237363696098328
3100,289.0896453857422,149.86455154418945,34.241546630859375,108.1801986694336,0.8069567680358887
3101,286.4342498779297,149.52919387817383,34.011444091796875,110.61406707763672,0.8547923564910889
3102,284.9330139160156,148.15644073486328,34.110107421875,110.89860534667969,0.8455847501754761
3103,282.35447692871094,147.76149368286133,33.992767333984375,117.21025848388672,0.8398646712303162
3104,281.3893127441406,141.0035057067871,32.406982421875,109.82324981689453,0.832049548625946
3105,278.69679260253906,137.96710968017578,32.129241943359375,110.93174743652344,0.8027361631393433
3106,273.7698516845703,134.71384048461914,35.395721435546875,112.30449676513672,0.819656252861023
3107,271.9584503173828,124.4419174194336,32.322845458984375,102.37654113769531,0.7527885437011719
3108,270.0971374511719,123.4383659362793,29.65130615234375,104.4679946899414,0.7889569997787476
3109,270.2914581298828,119.93980026245117,29.901458740234375,106.6719741821289,0.8171045780181885
3110,,,,,0.0
3111,264.1750030517578,107.81761741638184,17.871185302734375,101.89986038208008,0.6730186343193054
3112,,,,,0.0
3113,,,,,0.0
3114,,,,,0.0
3115,,,,,0.0
3116,,,,,0.0
3117,,,,,0.0
3118,,,,,0.0
3119,,,,,0.0
3120,,,,,0.0
3121,,,,,0.0
3122,,,,,0.0
3123,,,,,0.0
3124,,,,,0.0
3125,,,,,0.0
3126,,,,,0.0
3127,,,,,0.0
3128,,,,,0.0
3129,,,,,0.0
3130,,,,,0.0
3131,,,,,0.0
3132,,,,,0.0
3133,,,,,0.0
3134,,,,,0.0
3135,,,,,0.0
3136,,,,,0.0
3137,,,,,0.0
3138,,,,,0.0
3139,,,,,0.0
3140,,,,,0.0
3141,325.6518096923828,441.83189392089844,61.071197509765625,138.80752563476562,0.4824981093406677
3142,315.914794921875,438.2766571044922,60.5877685546875,146.07785034179688,0.581157386302948
3143,309.7561950683594,419.5192413330078,66.08502197265625,154.67001342773438,0.7218568921089172
3144,252.22085571289062,439.77197265625,57.99395751953125,143.4466552734375,0.7552139759063721
3145,304.087158203125,389.44129943847656,70.0555419921875,147.90127563476562,0.616778552532196
3146,242.31942749023438,411.78973388671875,58.7119140625,152.80645751953125,0.7165787816047668
3147,243.6657485961914,395.835205078125,57.23399353027344,153.5694580078125,0.799769937992096
3148,244.8202896118164,366.4618225097656,55.64091491699219,130.25457763671875,0.7785126566886902
3149,243.9607925415039,362.6357421875,53.94462585449219,140.6986083984375,0.8243668675422668
3150,241.4335708618164,346.5705871582031,53.70005798339844,145.60601806640625,0.8771010637283325
3151,238.8244171142578,322.73272705078125,53.128143310546875,128.2763671875,0.8387138843536377
3152,239.0784683227539,315.61925506591797,50.26109313964844,138.87562561035156,0.8667258024215698
3153,244.4477996826172,303.4800796508789,49.879547119140625,141.6653289794922,0.871390700340271
3154,294.3655700683594,263.3366394042969,51.94378662109375,136.10467529296875,0.8412749171257019
3155,249.1930160522461,276.7126159667969,48.98768615722656,130.60296630859375,0.7712831497192383
3156,247.22156524658203,268.55773162841797,48.06407165527344,132.62391662597656,0.707981288433075
3157,284.282958984375,232.3519287109375,54.2669677734375,135.47369384765625,0.8675422072410583
3158,243.90589904785156,244.14553833007812,46.469329833984375,126.59014892578125,0.8178334832191467
3159,276.3844299316406,209.482177734375,39.02374267578125,129.78778076171875,0.824249804019928
3160,272.47789001464844,202.57411193847656,35.366607666015625,126.06637573242188,0.765190839767456
3161,246.48304748535156,205.31170654296875,45.477142333984375,146.93798828125,0.7722043395042419
3162,245.98960876464844,205.51264190673828,46.391998291015625,150.1268768310547,0.70063716173172
3163,239.0631866455078,204.4027557373047,42.387786865234375,131.05520629882812,0.6641521453857422
3164,236.83739471435547,198.3847885131836,42.37733459472656,114.73091125488281,0.8703937530517578
3165,235.2230453491211,187.339111328125,37.92372131347656,131.5595703125,0.801994264125824
3166,244.2451629638672,177.9192886352539,50.604583740234375,143.2727508544922,0.8275901675224304
3167,246.1271514892578,172.53949737548828,46.784271240234375,136.4841766357422,0.8649824857711792
3168,245.3870849609375,170.7510757446289,45.14007568359375,133.52696228027344,0.853378415107727
3169,243.5034942626953,168.74306869506836,46.623016357421875,136.76270294189453,0.8604850769042969
3170,241.06024932861328,167.73617935180664,49.98222351074219,139.67305755615234,0.8769049644470215
3171,242.9024429321289,166.4598846435547,47.13047790527344,141.66806030273438,0.8916387557983398
3172,242.0623016357422,165.32260513305664,47.178131103515625,144.22264862060547,0.8928791880607605
3173,241.3228759765625,165.07054138183594,46.59686279296875,145.13156127929688,0.9010142683982849
3174,239.7841033935547,164.0820083618164,46.482757568359375,146.57969665527344,0.8821857571601868
3175,237.72199249267578,161.45359420776367,44.65989685058594,148.4349136352539,0.8661648035049438
3176,234.97638702392578,159.4116554260254,44.53001403808594,145.53087615966797,0.8609405755996704
3177,233.4794921875,160.8827896118164,43.45281982421875,145.8722686767578,0.8577468395233154
3178,232.3985137939453,161.13432693481445,44.223541259765625,146.5328598022461,0.8229292035102844
3179,234.5333023071289,158.12736129760742,42.24140930175781,141.5337905883789,0.8357498645782471
3180,234.54914093017578,151.0751953125,42.11357116699219,138.03427124023438,0.7552582025527954
3181,236.6732406616211,157.9400177001953,35.47383117675781,115.860595703125,0.8055911064147949
3182,234.23882293701172,154.8374900817871,38.20976257324219,124.35218048095703,0.6940509676933289
3183,230.347900390625,147.12078094482422,36.861907958984375,129.1982879638672,0.8447065353393555
3184,228.5393524169922,149.61530303955078,35.390289306640625,112.35014343261719,0.8812690377235413
3185,226.743408203125,147.1539535522461,36.3720703125,106.19404602050781,0.8887128829956055
3186,227.8037567138672,147.1368064880371,36.467376708984375,110.6991958618164,0.838785707950592
3187,232.64208984375,141.57769393920898,37.4912109375,106.41815948486328,0.8222858309745789
3188,237.53388214111328,131.9443130493164,35.64961242675781,102.43540954589844,0.890571653842926
3189,240.545166015625,128.37867736816406,30.12957763671875,105.6075439453125,0.8326844573020935
3190,242.343994140625,125.58626937866211,28.265380859375,107.88636016845703,0.8430035710334778
3191,165.5703125,178.9303436279297,32.220703125,102.18051147460938,0.7719728350639343
3192,127.2987060546875,237.70068359375,38.578857421875,119.58233642578125,0.7163580656051636
3193,169.80873107910156,209.09335327148438,44.556640625,123.1158447265625,0.6222701072692871
3194,186.6321792602539,224.9046630859375,43.25932312011719,121.43115234375,0.6733726263046265
3195,199.53861236572266,245.6108856201172,41.92692565917969,124.23306274414062,0.5368106365203857
3196,202.4576187133789,252.54998016357422,45.64122009277344,109.75556945800781,0.5054155588150024
3197,,,,,0.0
3198,,,,,0.0
3199,217.7020034790039,301.0981674194336,53.21430969238281,132.0651397705078,0.3907583951950073
3200,,,,,0.0
3201,,,,,0.0
3202,142.77776336669922,163.1977310180664,14.132614135742188,42.23448181152344,0.2829023003578186
3203,146.35424041748047,157.9212417602539,29.909469604492188,89.39384460449219,0.25251147150993347
3204,130.3295669555664,115.50578689575195,9.423538208007812,12.468696594238281,0.5242373943328857
3205,143.99450302124023,170.37602996826172,43.06366729736328,104.91035461425781,0.8126986622810364
3206,138.8801727294922,186.5007781982422,46.572509765625,112.76904296875,0.5886526703834534
3207,132.90851974487305,193.38483428955078,49.628761291503906,107.98164367675781,0.6248499155044556
3208,132.3874740600586,209.3285675048828,47.41191101074219,116.90744018554688,0.7803530693054199
3209,129.4838523864746,222.23574829101562,45.62390899658203,125.11407470703125,0.491756409406662
3210,,,,,0.0
3211,121.84789657592773,246.4356460571289,50.023048400878906,130.41612243652344,0.4128786027431488
3212,,,,,0.0
3213,,,,,0.0
3214,,,,,0.0
3215,,,,,0.0
3216,,,,,0.0
3217,,,,,0.0
3218,,,,,0.0
3219,,,,,0.0
3220,,,,,0.0
3221,,,,,0.0
3222,,,,,0.0
3223,,,,,0.0
3224,,,,,0.0
3225,,,,,0.0
3226,,,,,0.0
3227,,,,,0.0
3228,,,,,0.0
3229,,,,,0.0
3230,,,,,0.0
3231,,,,,0.0
3232,,,,,0.0
3233,,,,,0.0
3234,,,,,0.0
3235,,,,,0.0
3236,,,,,0.0
3237,,,,,0.0
3238,215.3998794555664,171.8798828125,22.205764770507812,46.428466796875,0.25685593485832214
3239,207.3172836303711,175.3639144897461,28.098495483398438,73.20960998535156,0.39987075328826904
3240,211.8440170288086,174.67401123046875,41.88343811035156,73.85031127929688,0.3202427625656128
3241,214.2697525024414,166.1241912841797,38.71562194824219,108.16390991210938,0.6907574534416199
3242,211.0484619140625,178.6489715576172,44.120697021484375,119.855224609375,0.747073233127594
3243,216.89443969726562,186.6236114501953,42.7537841796875,117.06405639648438,0.6901102066040039
3244,211.0570831298828,188.26335906982422,36.244476318359375,114.80082702636719,0.8090918660163879
3245,210.7152099609375,205.94918823242188,36.69683837890625,124.785888671875,0.7912155389785767
3246,212.11962127685547,213.54904174804688,39.30958557128906,124.941650390625,0.7218292951583862
3247,218.3892593383789,218.14183807373047,47.18046569824219,120.36280822753906,0.6099326610565186
3248,223.99072265625,237.2767105102539,52.30767822265625,129.7966766357422,0.7534810304641724
3249,243.7972183227539,243.99676513671875,37.56675720214844,127.49346923828125,0.7256653904914856
3250,235.2663803100586,252.20325469970703,50.22474670410156,122.60630798339844,0.6046099066734314
3251,240.0433807373047,273.8459777832031,50.436431884765625,135.38385009765625,0.46287086606025696
3252,254.75112915039062,280.9542236328125,53.57861328125,131.84613037109375,0.7275098562240601
3253,476.4423065185547,181.98757362365723,71.11538696289062,281.58149337768555,0.3373391926288605
3254,469.1992492675781,179.20693016052246,85.60150146484375,288.0799751281738,0.261872798204422
3255,434.0339813232422,251.70938110351562,53.947479248046875,115.05499267578125,0.37036630511283875
3256,313.5310974121094,347.5270538330078,55.451171875,143.38320922851562,0.6705598831176758
3257,322.43492126464844,358.8700256347656,51.870513916015625,146.9658203125,0.698289155960083
3258,403.8936004638672,289.07958984375,41.215728759765625,121.03521728515625,0.25197669863700867
3259,,,,,0.0
3260,,,,,0.0
3261,,,,,0.0
3262,324.7021026611328,356.40565490722656,46.659515380859375,127.75137329101562,0.7433285117149353
3263,296.9112854003906,365.5785675048828,68.173828125,122.19815063476562,0.6192229986190796
3264,276.0976257324219,382.31346130371094,73.18310546875,119.39712524414062,0.5485168695449829
3265,,,,,0.0
3266,,,,,0.0
3267,,,,,0.0
3268,,,,,0.0
3269,,,,,0.0
3270,,,,,0.0
3271,,,,,0.0
3272,,,,,0.0
3273,,,,,0.0
3274,,,,,0.0
3275,314.22108459472656,437.49546813964844,52.835540771484375,146.61367797851562,0.5980046987533569
3276,318.8300323486328,413.9919128417969,57.353851318359375,135.53179931640625,0.7078326344490051
3277,316.14013671875,392.9626007080078,52.0902099609375,127.90615844726562,0.4092442989349365
3278,319.4634552001953,382.25474548339844,52.340972900390625,137.27597045898438,0.5346951484680176
3279,326.85874938964844,356.33204650878906,46.009857177734375,116.57437133789062,0.386111319065094
3280,335.1765899658203,346.802001953125,47.798004150390625,129.44268798828125,0.653033971786499
3281,337.893310546875,334.0312957763672,47.40008544921875,135.88845825195312,0.7975893616676331
3282,342.1340789794922,312.4021453857422,50.297637939453125,116.91024780273438,0.7683609127998352
3283,343.76649475097656,306.4673309326172,51.445709228515625,128.59207153320312,0.4177016019821167
3284,350.162353515625,293.1403350830078,58.501953125,121.58114624023438,0.6187149286270142
3285,357.0921325683594,279.2511215209961,43.5771484375,119.83222961425781,0.7828973531723022
3286,359.4981384277344,274.0707778930664,45.78485107421875,126.27891540527344,0.8183043599128723
3287,360.3082580566406,256.1491165161133,45.52880859375,115.91465759277344,0.7760592103004456
3288,359.5647430419922,247.04278564453125,46.379119873046875,115.2607421875,0.8049712777137756
3289,361.0947265625,239.31700134277344,41.8568115234375,118.51406860351562,0.7731661796569824
3290,360.17930603027344,219.8823013305664,42.918060302734375,105.52812194824219,0.7165467143058777
3291,354.4416809082031,213.01227569580078,44.55523681640625,110.25614929199219,0.5793312191963196
3292,346.1871032714844,206.2323455810547,43.65106201171875,112.01962280273438,0.7996540069580078
3293,339.3272399902344,193.5862274169922,40.525390625,105.88632202148438,0.5299397706985474
3294,333.6009979248047,188.67013549804688,40.747406005859375,112.176025390625,0.7895216345787048
3295,328.6394958496094,177.03388595581055,39.862548828125,106.12128448486328,0.2655404210090637
3296,320.8896942138672,167.7111587524414,43.852264404296875,102.49742126464844,0.6864458322525024
3297,311.4736328125,164.17552185058594,49.22308349609375,101.9024658203125,0.7248592376708984
3298,303.2166442871094,157.2767219543457,35.93682861328125,97.6391830444336,0.720605194568634
3299,298.97515869140625,157.854248046875,37.036376953125,107.92471313476562,0.7093823552131653
3300,299.334716796875,153.21288681030273,45.90673828125,107.0833511352539,0.6989061236381531
3301,296.7449188232422,148.24002075195312,46.704315185546875,100.313232421875,0.7655176520347595
3302,295.4208679199219,146.50016021728516,45.00372314453125,96.90367126464844,0.6935741305351257
3303,297.3760223388672,146.40364837646484,38.906036376953125,96.54069519042969,0.7235209345817566
3304,292.9696350097656,145.48648071289062,31.64227294921875,94.87655639648438,0.7358987927436829
3305,292.1022033691406,142.5948944091797,33.08856201171875,90.378173828125,0.7093165516853333
3306,290.9170379638672,140.65390396118164,32.232147216796875,86.9397201538086,0.6587613821029663
3307,288.89630126953125,140.3441505432129,40.83349609375,92.72252655029297,0.6523370146751404
3308,286.50843811035156,141.05242919921875,42.778900146484375,99.34469604492188,0.6956017017364502
3309,284.11293029785156,140.00958251953125,39.154205322265625,103.97036743164062,0.7856121063232422
3310,283.77183532714844,133.9347152709961,39.933685302734375,99.33168029785156,0.7358905673027039
3311,271.55162048339844,133.06149673461914,46.532135009765625,103.1578598022461,0.7971051931381226
3312,265.1691131591797,128.79904556274414,40.532135009765625,101.46416473388672,0.4473564028739929
3313,,,,,0.0
3314,,,,,0.0
3315,,,,,0.0
3316,,,,,0.0
3317,,,,,0.0
3318,149.8710479736328,139.07039642333984,31.121734619140625,94.43348693847656,0.35525476932525635
3319,142.9007110595703,152.5601577758789,34.434326171875,100.58158874511719,0.41993996500968933
3320,136.21050262451172,160.99487686157227,38.70478820800781,105.71465301513672,0.7570288181304932
3321,122.1935043334961,170.7207489013672,40.71846008300781,111.62753295898438,0.6628255844116211
3322,111.0790786743164,179.32958602905273,32.94645690917969,113.77606964111328,0.713701069355011
3323,114.16404724121094,189.39971923828125,39.427001953125,113.43902587890625,0.7895362377166748
3324,113.420166015625,208.20482635498047,42.7747802734375,123.51673889160156,0.8280060291290283
3325,105.84869384765625,212.26094818115234,47.663909912109375,118.66493225097656,0.7426948547363281
3326,98.04827880859375,230.73275756835938,43.4503173828125,127.775146484375,0.767491340637207
3327,89.39963150024414,244.5818328857422,45.852561950683594,124.94601440429688,0.7857432961463928
3328,83.20781326293945,256.9898681640625,51.832786560058594,121.615966796875,0.7778705358505249
3329,79.84804725646973,280.5909423828125,55.13601303100586,135.646484375,0.7909156680107117
3330,70.30100059509277,287.404541015625,55.33855056762695,128.95050048828125,0.7396966218948364
3331,56.983177185058594,311.18577575683594,45.820587158203125,134.68179321289062,0.5753039717674255
3332,,,,,0.0
3333,,,,,0.0
3334,,,,,0.0
3335,,,,,0.0
3336,,,,,0.0
3337,,,,,0.0
3338,,,,,0.0
3339,,,,,0.0
3340,,,,,0.0
3341,,,,,0.0
3342,,,,,0.0
3343,,,,,0.0
3344,,,,,0.0
3345,,,,,0.0
3346,,,,,0.0
3347,,,,,0.0
3348,,,,,0.0
3349,,,,,0.0
3350,,,,,0.0
3351,,,,,0.0
3352,,,,,0.0
3353,,,,,0.0
3354,,,,,0.0
3355,145.9980812072754,150.56348419189453,43.363304138183594,102.44804382324219,0.43275269865989685
3356,145.4344253540039,165.95091247558594,44.45796203613281,113.83493041992188,0.6201511025428772
3357,143.98387908935547,166.0677947998047,39.23408508300781,95.97055053710938,0.7543978095054626
3358,142.8796615600586,179.58345794677734,42.61683654785156,117.53971862792969,0.83786940574646
3359,147.14494705200195,196.94786071777344,46.787010192871094,123.36123657226562,0.8629599213600159
3360,151.06524658203125,201.4678497314453,52.742584228515625,114.92465209960938,0.8277258276939392
3361,154.6387176513672,229.9739532470703,55.204803466796875,135.59976196289062,0.8023067712783813
3362,157.1126708984375,234.6611328125,56.71905517578125,130.45477294921875,0.813480794429779
3363,162.62418365478516,240.62845611572266,56.13478088378906,123.77226257324219,0.8432491421699524
3364,173.1017074584961,267.17176818847656,51.62251281738281,131.45108032226562,0.6324920654296875
3365,177.98243713378906,269.45091247558594,59.260284423828125,128.31265258789062,0.45748770236968994
3366,180.4302749633789,301.9923095703125,50.34776306152344,138.90771484375,0.6722290515899658
3367,,,,,0.0
3368,201.6726531982422,320.4285125732422,60.515289306640625,131.90927124023438,0.4994949400424957
3369,218.0333251953125,353.5148010253906,61.362548828125,151.94952392578125,0.31428563594818115
3370,222.44318389892578,363.2349548339844,45.33280944824219,124.0966796875,0.28604334592819214
3371,,,,,0.0
3372,233.71196746826172,418.1914978027344,50.79835510253906,150.0791015625,0.3968515694141388
3373,252.99095916748047,428.07598876953125,64.40321350097656,133.28338623046875,0.38320687413215637
3374,,,,,0.0
3375,,,,,0.0
3376,,,,,0.0
3377,,,,,0.0
3378,,,,,0.0
3379,,,,,0.0
3380,,,,,0.0
3381,,,,,0.0
3382,,,,,0.0
3383,,,,,0.0
3384,,,,,0.0
3385,,,,,0.0
3386,,,,,0.0
3387,,,,,0.0
3388,,,,,0.0
3389,,,,,0.0
3390,,,,,0.0
3391,,,,,0.0
3392,,,,,0.0
3393,,,,,0.0
3394,,,,,0.0
3395,,,,,0.0
3396,,,,,0.0
3397,,,,,0.0
3398,,,,,0.0
3399,,,,,0.0
3400,,,,,0.0
3401,148.82740783691406,153.51609802246094,35.510528564453125,106.47238159179688,0.5685169100761414
3402,145.48134994506836,167.9268569946289,38.07202911376953,111.75181579589844,0.6569816470146179
3403,137.0843734741211,173.86865615844727,52.72938537597656,129.31035614013672,0.7794452905654907
3404,141.07382583618164,175.74094009399414,42.239646911621094,121.11156463623047,0.7900581359863281
3405,142.45077896118164,195.70880126953125,50.99633026123047,128.32769775390625,0.7618848085403442
3406,148.86914443969727,208.24908447265625,50.46636199951172,126.9189453125,0.8083616495132446
3407,153.036865234375,223.7256622314453,48.86761474609375,136.81112670898438,0.8077361583709717
3408,159.8748550415039,245.9591827392578,50.23698425292969,132.72451782226562,0.7769252061843872
3409,157.56693267822266,254.89743041992188,56.27638244628906,125.65740966796875,0.6970016956329346
3410,167.86431121826172,271.7905807495117,55.44624328613281,137.9735870361328,0.7680348753929138
3411,174.666015625,287.9682922363281,63.74114990234375,140.95758056640625,0.5494704246520996
3412,181.285400390625,297.9805221557617,56.835540771484375,137.83009338378906,0.775745689868927
3413,185.11859130859375,329.5629119873047,59.1453857421875,160.59408569335938,0.7677227854728699
3414,,,,,0.0
3415,,,,,0.0
3416,,,,,0.0
3417,,,,,0.0
3418,,,,,0.0
3419,,,,,0.0
3420,,,,,0.0
3421,,,,,0.0
3422,,,,,0.0
3423,,,,,0.0
3424,,,,,0.0
3425,,,,,0.0
3426,,,,,0.0
3427,,,,,0.0
3428,,,,,0.0
3429,,,,,0.0
3430,,,,,0.0
3431,,,,,0.0
3432,,,,,0.0
3433,,,,,0.0
3434,,,,,0.0
3435,,,,,0.0
3436,,,,,0.0
3437,,,,,0.0
3438,,,,,0.0
3439,,,,,0.0
3440,,,,,0.0
3441,,,,,0.0
3442,,,,,0.0
3443,,,,,0.0
3444,,,,,0.0
3445,,,,,0.0
3446,,,,,0.0
3447,,,,,0.0
3448,,,,,0.0
3449,,,,,0.0
3450,,,,,0.0
3451,,,,,0.0
3452,,,,,0.0
3453,,,,,0.0
3454,481.094970703125,187.1563262939453,61.16650390625,314.9281311035156,0.2550209164619446
3455,,,,,0.0
3456,,,,,0.0
3457,499.0439758300781,228.18685150146484,25.91204833984375,133.9679718017578,0.35791847109794617
3458,497.6986846923828,160.27163124084473,28.602630615234375,229.31855392456055,0.3027302324771881
3459,,,,,0.0
3460,,,,,0.0
3461,,,,,0.0
3462,,,,,0.0
3463,,,,,0.0
3464,,,,,0.0
3465,,,,,0.0
3466,,,,,0.0
3467,,,,,0.0
3468,,,,,0.0
3469,,,,,0.0
3470,,,,,0.0
3471,,,,,0.0
3472,367.8771057128906,137.7698097229004,43.419921875,117.31920623779297,0.6687234044075012
3473,369.3313751220703,140.96373748779297,49.340118408203125,112.90718078613281,0.7182459831237793
3474,362.7758026123047,158.21380996704102,55.921722412109375,115.15813446044922,0.3130720555782318
3475,,,,,0.0
3476,,,,,0.0
3477,,,,,0.0
3478,,,,,0.0
3479,,,,,0.0
3480,291.80870056152344,167.9511947631836,17.586334228515625,25.471786499023438,0.3213387429714203
3481,287.2780303955078,248.3268585205078,75.46212768554688,147.47402954101562,0.777805507183075
